Unnamed: 0,filename,label,fold,genre_blues,genre_classical,genre_country,genre_disco,genre_hiphop,genre_jazz,genre_metal,genre_pop,genre_reggae,genre_rock,spec_name
0,pop.00015.wav,pop,8,0,0,0,0,0,0,0,1,0,0,/content/Imgs/pop.00015.jpg
1,reggae.00013.wav,reggae,5,0,0,0,0,0,0,0,0,1,0,/content/Imgs/reggae.00013.jpg
2,blues.00098.wav,blues,18,1,0,0,0,0,0,0,0,0,0,/content/Imgs/blues.00098.jpg
3,pop.00022.wav,pop,4,0,0,0,0,0,0,0,1,0,0,/content/Imgs/pop.00022.jpg
4,rock.00026.wav,rock,9,0,0,0,0,0,0,0,0,0,1,/content/Imgs/rock.00026.jpg
5,metal.00013.wav,metal,2,0,0,0,0,0,0,1,0,0,0,/content/Imgs/metal.00013.jpg
6,reggae.00012.wav,reggae,9,0,0,0,0,0,0,0,0,1,0,/content/Imgs/reggae.00012.jpg
7,classical.00020.wav,classical,6,0,1,0,0,0,0,0,0,0,0,/content/Imgs/classical.00020.jpg
8,jazz.00082.wav,jazz,18,0,0,0,0,0,1,0,0,0,0,/content/Imgs/jazz.00082.jpg
9,metal.00082.wav,metal,15,0,0,0,0,0,0,1,0,0,0,/content/Imgs/metal.00082.jpg
10,reggae.00038.wav,reggae,12,0,0,0,0,0,0,0,0,1,0,/content/Imgs/reggae.00038.jpg
11,reggae.00052.wav,reggae,18,0,0,0,0,0,0,0,0,1,0,/content/Imgs/reggae.00052.jpg
12,classical.00094.wav,classical,3,0,1,0,0,0,0,0,0,0,0,/content/Imgs/classical.00094.jpg
13,jazz.00024.wav,jazz,17,0,0,0,0,0,1,0,0,0,0,/content/Imgs/jazz.00024.jpg
14,classical.00053.wav,classical,1,0,1,0,0,0,0,0,0,0,0,/content/Imgs/classical.00053.jpg
15,blues.00031.wav,blues,2,1,0,0,0,0,0,0,0,0,0,/content/Imgs/blues.00031.jpg
16,hiphop.00089.wav,hiphop,17,0,0,0,0,1,0,0,0,0,0,/content/Imgs/hiphop.00089.jpg
17,country.00056.wav,country,4,0,0,1,0,0,0,0,0,0,0,/content/Imgs/country.00056.jpg
18,country.00063.wav,country,8,0,0,1,0,0,0,0,0,0,0,/content/Imgs/country.00063.jpg
19,disco.00092.wav,disco,16,0,0,0,1,0,0,0,0,0,0,/content/Imgs/disco.00092.jpg
20,classical.00032.wav,classical,7,0,1,0,0,0,0,0,0,0,0,/content/Imgs/classical.00032.jpg
21,rock.00003.wav,rock,8,0,0,0,0,0,0,0,0,0,1,/content/Imgs/rock.00003.jpg
22,disco.00068.wav,disco,7,0,0,0,1,0,0,0,0,0,0,/content/Imgs/disco.00068.jpg
23,classical.00036.wav,classical,5,0,1,0,0,0,0,0,0,0,0,/content/Imgs/classical.00036.jpg
24,hiphop.00052.wav,hiphop,13,0,0,0,0,1,0,0,0,0,0,/content/Imgs/hiphop.00052.jpg
25,metal.00039.wav,metal,1,0,0,0,0,0,0,1,0,0,0,/content/Imgs/metal.00039.jpg
26,rock.00011.wav,rock,3,0,0,0,0,0,0,0,0,0,1,/content/Imgs/rock.00011.jpg
27,classical.00079.wav,classical,4,0,1,0,0,0,0,0,0,0,0,/content/Imgs/classical.00079.jpg
28,country.00032.wav,country,13,0,0,1,0,0,0,0,0,0,0,/content/Imgs/country.00032.jpg
29,rock.00032.wav,rock,16,0,0,0,0,0,0,0,0,0,1,/content/Imgs/rock.00032.jpg
30,reggae.00007.wav,reggae,12,0,0,0,0,0,0,0,0,1,0,/content/Imgs/reggae.00007.jpg
31,rock.00050.wav,rock,6,0,0,0,0,0,0,0,0,0,1,/content/Imgs/rock.00050.jpg
32,rock.00008.wav,rock,3,0,0,0,0,0,0,0,0,0,1,/content/Imgs/rock.00008.jpg
33,jazz.00046.wav,jazz,19,0,0,0,0,0,1,0,0,0,0,/content/Imgs/jazz.00046.jpg
34,pop.00088.wav,pop,11,0,0,0,0,0,0,0,1,0,0,/content/Imgs/pop.00088.jpg
35,rock.00043.wav,rock,9,0,0,0,0,0,0,0,0,0,1,/content/Imgs/rock.00043.jpg
36,pop.00057.wav,pop,15,0,0,0,0,0,0,0,1,0,0,/content/Imgs/pop.00057.jpg
37,pop.00054.wav,pop,0,0,0,0,0,0,0,0,1,0,0,/content/Imgs/pop.00054.jpg
38,reggae.00064.wav,reggae,3,0,0,0,0,0,0,0,0,1,0,/content/Imgs/reggae.00064.jpg
39,reggae.00085.wav,reggae,10,0,0,0,0,0,0,0,0,1,0,/content/Imgs/reggae.00085.jpg
40,country.00015.wav,country,16,0,0,1,0,0,0,0,0,0,0,/content/Imgs/country.00015.jpg
41,blues.00071.wav,blues,2,1,0,0,0,0,0,0,0,0,0,/content/Imgs/blues.00071.jpg
42,disco.00013.wav,disco,16,0,0,0,1,0,0,0,0,0,0,/content/Imgs/disco.00013.jpg
43,country.00086.wav,country,8,0,0,1,0,0,0,0,0,0,0,/content/Imgs/country.00086.jpg
44,classical.00082.wav,classical,17,0,1,0,0,0,0,0,0,0,0,/content/Imgs/classical.00082.jpg
45,disco.00084.wav,disco,16,0,0,0,1,0,0,0,0,0,0,/content/Imgs/disco.00084.jpg
46,classical.00031.wav,classical,3,0,1,0,0,0,0,0,0,0,0,/content/Imgs/classical.00031.jpg
47,country.00061.wav,country,13,0,0,1,0,0,0,0,0,0,0,/content/Imgs/country.00061.jpg
48,reggae.00039.wav,reggae,8,0,0,0,0,0,0,0,0,1,0,/content/Imgs/reggae.00039.jpg
49,metal.00019.wav,metal,16,0,0,0,0,0,0,1,0,0,0,/content/Imgs/metal.00019.jpg
50,blues.00091.wav,blues,7,1,0,0,0,0,0,0,0,0,0,/content/Imgs/blues.00091.jpg
51,pop.00064.wav,pop,5,0,0,0,0,0,0,0,1,0,0,/content/Imgs/pop.00064.jpg
52,disco.00007.wav,disco,9,0,0,0,1,0,0,0,0,0,0,/content/Imgs/disco.00007.jpg
53,pop.00040.wav,pop,7,0,0,0,0,0,0,0,1,0,0,/content/Imgs/pop.00040.jpg
54,metal.00060.wav,metal,8,0,0,0,0,0,0,1,0,0,0,/content/Imgs/metal.00060.jpg
55,hiphop.00019.wav,hiphop,0,0,0,0,0,1,0,0,0,0,0,/content/Imgs/hiphop.00019.jpg
56,disco.00001.wav,disco,15,0,0,0,1,0,0,0,0,0,0,/content/Imgs/disco.00001.jpg
57,rock.00076.wav,rock,2,0,0,0,0,0,0,0,0,0,1,/content/Imgs/rock.00076.jpg
58,classical.00025.wav,classical,6,0,1,0,0,0,0,0,0,0,0,/content/Imgs/classical.00025.jpg
59,pop.00073.wav,pop,13,0,0,0,0,0,0,0,1,0,0,/content/Imgs/pop.00073.jpg
60,blues.00029.wav,blues,15,1,0,0,0,0,0,0,0,0,0,/content/Imgs/blues.00029.jpg
61,reggae.00057.wav,reggae,4,0,0,0,0,0,0,0,0,1,0,/content/Imgs/reggae.00057.jpg
62,rock.00082.wav,rock,13,0,0,0,0,0,0,0,0,0,1,/content/Imgs/rock.00082.jpg
63,pop.00078.wav,pop,2,0,0,0,0,0,0,0,1,0,0,/content/Imgs/pop.00078.jpg
64,hiphop.00065.wav,hiphop,10,0,0,0,0,1,0,0,0,0,0,/content/Imgs/hiphop.00065.jpg
65,metal.00089.wav,metal,6,0,0,0,0,0,0,1,0,0,0,/content/Imgs/metal.00089.jpg
66,metal.00029.wav,metal,10,0,0,0,0,0,0,1,0,0,0,/content/Imgs/metal.00029.jpg
67,metal.00001.wav,metal,0,0,0,0,0,0,0,1,0,0,0,/content/Imgs/metal.00001.jpg
68,disco.00055.wav,disco,18,0,0,0,1,0,0,0,0,0,0,/content/Imgs/disco.00055.jpg
69,reggae.00048.wav,reggae,12,0,0,0,0,0,0,0,0,1,0,/content/Imgs/reggae.00048.jpg
70,pop.00024.wav,pop,8,0,0,0,0,0,0,0,1,0,0,/content/Imgs/pop.00024.jpg
71,rock.00023.wav,rock,5,0,0,0,0,0,0,0,0,0,1,/content/Imgs/rock.00023.jpg
72,disco.00083.wav,disco,10,0,0,0,1,0,0,0,0,0,0,/content/Imgs/disco.00083.jpg
73,disco.00024.wav,disco,13,0,0,0,1,0,0,0,0,0,0,/content/Imgs/disco.00024.jpg
74,country.00039.wav,country,1,0,0,1,0,0,0,0,0,0,0,/content/Imgs/country.00039.jpg
75,hiphop.00045.wav,hiphop,19,0,0,0,0,1,0,0,0,0,0,/content/Imgs/hiphop.00045.jpg
76,classical.00057.wav,classical,19,0,1,0,0,0,0,0,0,0,0,/content/Imgs/classical.00057.jpg
77,classical.00008.wav,classical,11,0,1,0,0,0,0,0,0,0,0,/content/Imgs/classical.00008.jpg
78,classical.00087.wav,classical,14,0,1,0,0,0,0,0,0,0,0,/content/Imgs/classical.00087.jpg
79,hiphop.00044.wav,hiphop,1,0,0,0,0,1,0,0,0,0,0,/content/Imgs/hiphop.00044.jpg
80,classical.00071.wav,classical,12,0,1,0,0,0,0,0,0,0,0,/content/Imgs/classical.00071.jpg
81,metal.00015.wav,metal,18,0,0,0,0,0,0,1,0,0,0,/content/Imgs/metal.00015.jpg
82,jazz.00094.wav,jazz,5,0,0,0,0,0,1,0,0,0,0,/content/Imgs/jazz.00094.jpg
83,reggae.00077.wav,reggae,6,0,0,0,0,0,0,0,0,1,0,/content/Imgs/reggae.00077.jpg
84,country.00023.wav,country,15,0,0,1,0,0,0,0,0,0,0,/content/Imgs/country.00023.jpg
85,jazz.00073.wav,jazz,4,0,0,0,0,0,1,0,0,0,0,/content/Imgs/jazz.00073.jpg
86,rock.00029.wav,rock,2,0,0,0,0,0,0,0,0,0,1,/content/Imgs/rock.00029.jpg
87,hiphop.00007.wav,hiphop,8,0,0,0,0,1,0,0,0,0,0,/content/Imgs/hiphop.00007.jpg
88,pop.00005.wav,pop,17,0,0,0,0,0,0,0,1,0,0,/content/Imgs/pop.00005.jpg
89,classical.00061.wav,classical,10,0,1,0,0,0,0,0,0,0,0,/content/Imgs/classical.00061.jpg
90,hiphop.00099.wav,hiphop,19,0,0,0,0,1,0,0,0,0,0,/content/Imgs/hiphop.00099.jpg
91,disco.00078.wav,disco,2,0,0,0,1,0,0,0,0,0,0,/content/Imgs/disco.00078.jpg
92,blues.00074.wav,blues,4,1,0,0,0,0,0,0,0,0,0,/content/Imgs/blues.00074.jpg
93,disco.00031.wav,disco,13,0,0,0,1,0,0,0,0,0,0,/content/Imgs/disco.00031.jpg
94,pop.00019.wav,pop,7,0,0,0,0,0,0,0,1,0,0,/content/Imgs/pop.00019.jpg
95,reggae.00095.wav,reggae,17,0,0,0,0,0,0,0,0,1,0,/content/Imgs/reggae.00095.jpg
96,hiphop.00004.wav,hiphop,8,0,0,0,0,1,0,0,0,0,0,/content/Imgs/hiphop.00004.jpg
97,classical.00005.wav,classical,13,0,1,0,0,0,0,0,0,0,0,/content/Imgs/classical.00005.jpg
98,classical.00088.wav,classical,15,0,1,0,0,0,0,0,0,0,0,/content/Imgs/classical.00088.jpg
99,reggae.00065.wav,reggae,13,0,0,0,0,0,0,0,0,1,0,/content/Imgs/reggae.00065.jpg
100,hiphop.00071.wav,hiphop,16,0,0,0,0,1,0,0,0,0,0,/content/Imgs/hiphop.00071.jpg
101,metal.00096.wav,metal,12,0,0,0,0,0,0,1,0,0,0,/content/Imgs/metal.00096.jpg
102,disco.00063.wav,disco,3,0,0,0,1,0,0,0,0,0,0,/content/Imgs/disco.00063.jpg
103,jazz.00066.wav,jazz,6,0,0,0,0,0,1,0,0,0,0,/content/Imgs/jazz.00066.jpg
104,blues.00095.wav,blues,6,1,0,0,0,0,0,0,0,0,0,/content/Imgs/blues.00095.jpg
105,rock.00047.wav,rock,3,0,0,0,0,0,0,0,0,0,1,/content/Imgs/rock.00047.jpg
106,jazz.00083.wav,jazz,13,0,0,0,0,0,1,0,0,0,0,/content/Imgs/jazz.00083.jpg
107,country.00065.wav,country,1,0,0,1,0,0,0,0,0,0,0,/content/Imgs/country.00065.jpg
108,classical.00046.wav,classical,18,0,1,0,0,0,0,0,0,0,0,/content/Imgs/classical.00046.jpg
109,hiphop.00070.wav,hiphop,7,0,0,0,0,1,0,0,0,0,0,/content/Imgs/hiphop.00070.jpg
110,disco.00025.wav,disco,1,0,0,0,1,0,0,0,0,0,0,/content/Imgs/disco.00025.jpg
111,blues.00045.wav,blues,5,1,0,0,0,0,0,0,0,0,0,/content/Imgs/blues.00045.jpg
112,jazz.00005.wav,jazz,8,0,0,0,0,0,1,0,0,0,0,/content/Imgs/jazz.00005.jpg
113,rock.00052.wav,rock,18,0,0,0,0,0,0,0,0,0,1,/content/Imgs/rock.00052.jpg
114,reggae.00035.wav,reggae,16,0,0,0,0,0,0,0,0,1,0,/content/Imgs/reggae.00035.jpg
115,metal.00037.wav,metal,17,0,0,0,0,0,0,1,0,0,0,/content/Imgs/metal.00037.jpg
116,jazz.00063.wav,jazz,7,0,0,0,0,0,1,0,0,0,0,/content/Imgs/jazz.00063.jpg
117,rock.00083.wav,rock,13,0,0,0,0,0,0,0,0,0,1,/content/Imgs/rock.00083.jpg
118,metal.00011.wav,metal,18,0,0,0,0,0,0,1,0,0,0,/content/Imgs/metal.00011.jpg
119,blues.00047.wav,blues,4,1,0,0,0,0,0,0,0,0,0,/content/Imgs/blues.00047.jpg
120,blues.00057.wav,blues,19,1,0,0,0,0,0,0,0,0,0,/content/Imgs/blues.00057.jpg
121,pop.00069.wav,pop,11,0,0,0,0,0,0,0,1,0,0,/content/Imgs/pop.00069.jpg
122,rock.00068.wav,rock,0,0,0,0,0,0,0,0,0,0,1,/content/Imgs/rock.00068.jpg
123,classical.00077.wav,classical,9,0,1,0,0,0,0,0,0,0,0,/content/Imgs/classical.00077.jpg
124,country.00024.wav,country,1,0,0,1,0,0,0,0,0,0,0,/content/Imgs/country.00024.jpg
125,rock.00078.wav,rock,17,0,0,0,0,0,0,0,0,0,1,/content/Imgs/rock.00078.jpg
126,country.00028.wav,country,14,0,0,1,0,0,0,0,0,0,0,/content/Imgs/country.00028.jpg
127,classical.00012.wav,classical,12,0,1,0,0,0,0,0,0,0,0,/content/Imgs/classical.00012.jpg
128,metal.00091.wav,metal,3,0,0,0,0,0,0,1,0,0,0,/content/Imgs/metal.00091.jpg
129,disco.00056.wav,disco,17,0,0,0,1,0,0,0,0,0,0,/content/Imgs/disco.00056.jpg
130,jazz.00086.wav,jazz,19,0,0,0,0,0,1,0,0,0,0,/content/Imgs/jazz.00086.jpg
131,hiphop.00029.wav,hiphop,12,0,0,0,0,1,0,0,0,0,0,/content/Imgs/hiphop.00029.jpg
132,pop.00035.wav,pop,19,0,0,0,0,0,0,0,1,0,0,/content/Imgs/pop.00035.jpg
133,classical.00086.wav,classical,2,0,1,0,0,0,0,0,0,0,0,/content/Imgs/classical.00086.jpg
134,reggae.00049.wav,reggae,15,0,0,0,0,0,0,0,0,1,0,/content/Imgs/reggae.00049.jpg
135,disco.00029.wav,disco,13,0,0,0,1,0,0,0,0,0,0,/content/Imgs/disco.00029.jpg
136,blues.00041.wav,blues,2,1,0,0,0,0,0,0,0,0,0,/content/Imgs/blues.00041.jpg
137,country.00069.wav,country,3,0,0,1,0,0,0,0,0,0,0,/content/Imgs/country.00069.jpg
138,disco.00015.wav,disco,17,0,0,0,1,0,0,0,0,0,0,/content/Imgs/disco.00015.jpg
139,pop.00004.wav,pop,2,0,0,0,0,0,0,0,1,0,0,/content/Imgs/pop.00004.jpg
140,reggae.00092.wav,reggae,4,0,0,0,0,0,0,0,0,1,0,/content/Imgs/reggae.00092.jpg
141,rock.00097.wav,rock,17,0,0,0,0,0,0,0,0,0,1,/content/Imgs/rock.00097.jpg
142,hiphop.00046.wav,hiphop,16,0,0,0,0,1,0,0,0,0,0,/content/Imgs/hiphop.00046.jpg
143,classical.00055.wav,classical,1,0,1,0,0,0,0,0,0,0,0,/content/Imgs/classical.00055.jpg
144,country.00025.wav,country,16,0,0,1,0,0,0,0,0,0,0,/content/Imgs/country.00025.jpg
145,reggae.00058.wav,reggae,12,0,0,0,0,0,0,0,0,1,0,/content/Imgs/reggae.00058.jpg
146,country.00016.wav,country,17,0,0,1,0,0,0,0,0,0,0,/content/Imgs/country.00016.jpg
147,hiphop.00027.wav,hiphop,4,0,0,0,0,1,0,0,0,0,0,/content/Imgs/hiphop.00027.jpg
148,hiphop.00050.wav,hiphop,10,0,0,0,0,1,0,0,0,0,0,/content/Imgs/hiphop.00050.jpg
149,blues.00005.wav,blues,15,1,0,0,0,0,0,0,0,0,0,/content/Imgs/blues.00005.jpg
150,classical.00083.wav,classical,16,0,1,0,0,0,0,0,0,0,0,/content/Imgs/classical.00083.jpg
151,blues.00032.wav,blues,15,1,0,0,0,0,0,0,0,0,0,/content/Imgs/blues.00032.jpg
152,blues.00035.wav,blues,18,1,0,0,0,0,0,0,0,0,0,/content/Imgs/blues.00035.jpg
153,pop.00096.wav,pop,0,0,0,0,0,0,0,0,1,0,0,/content/Imgs/pop.00096.jpg
154,pop.00066.wav,pop,3,0,0,0,0,0,0,0,1,0,0,/content/Imgs/pop.00066.jpg
155,metal.00042.wav,metal,19,0,0,0,0,0,0,1,0,0,0,/content/Imgs/metal.00042.jpg
156,country.00022.wav,country,9,0,0,1,0,0,0,0,0,0,0,/content/Imgs/country.00022.jpg
157,reggae.00062.wav,reggae,7,0,0,0,0,0,0,0,0,1,0,/content/Imgs/reggae.00062.jpg
158,hiphop.00018.wav,hiphop,8,0,0,0,0,1,0,0,0,0,0,/content/Imgs/hiphop.00018.jpg
159,disco.00016.wav,disco,9,0,0,0,1,0,0,0,0,0,0,/content/Imgs/disco.00016.jpg
160,hiphop.00083.wav,hiphop,13,0,0,0,0,1,0,0,0,0,0,/content/Imgs/hiphop.00083.jpg
161,rock.00085.wav,rock,11,0,0,0,0,0,0,0,0,0,1,/content/Imgs/rock.00085.jpg
162,metal.00007.wav,metal,5,0,0,0,0,0,0,1,0,0,0,/content/Imgs/metal.00007.jpg
163,rock.00046.wav,rock,12,0,0,0,0,0,0,0,0,0,1,/content/Imgs/rock.00046.jpg
164,disco.00005.wav,disco,2,0,0,0,1,0,0,0,0,0,0,/content/Imgs/disco.00005.jpg
165,pop.00072.wav,pop,5,0,0,0,0,0,0,0,1,0,0,/content/Imgs/pop.00072.jpg
166,rock.00016.wav,rock,2,0,0,0,0,0,0,0,0,0,1,/content/Imgs/rock.00016.jpg
167,metal.00002.wav,metal,7,0,0,0,0,0,0,1,0,0,0,/content/Imgs/metal.00002.jpg
168,rock.00027.wav,rock,17,0,0,0,0,0,0,0,0,0,1,/content/Imgs/rock.00027.jpg
169,classical.00026.wav,classical,14,0,1,0,0,0,0,0,0,0,0,/content/Imgs/classical.00026.jpg
170,pop.00055.wav,pop,9,0,0,0,0,0,0,0,1,0,0,/content/Imgs/pop.00055.jpg
171,blues.00020.wav,blues,17,1,0,0,0,0,0,0,0,0,0,/content/Imgs/blues.00020.jpg
172,hiphop.00003.wav,hiphop,10,0,0,0,0,1,0,0,0,0,0,/content/Imgs/hiphop.00003.jpg
173,hiphop.00055.wav,hiphop,6,0,0,0,0,1,0,0,0,0,0,/content/Imgs/hiphop.00055.jpg
174,jazz.00092.wav,jazz,7,0,0,0,0,0,1,0,0,0,0,/content/Imgs/jazz.00092.jpg
175,disco.00051.wav,disco,9,0,0,0,1,0,0,0,0,0,0,/content/Imgs/disco.00051.jpg
176,hiphop.00084.wav,hiphop,9,0,0,0,0,1,0,0,0,0,0,/content/Imgs/hiphop.00084.jpg
177,rock.00031.wav,rock,8,0,0,0,0,0,0,0,0,0,1,/content/Imgs/rock.00031.jpg
178,pop.00061.wav,pop,13,0,0,0,0,0,0,0,1,0,0,/content/Imgs/pop.00061.jpg
179,classical.00045.wav,classical,10,0,1,0,0,0,0,0,0,0,0,/content/Imgs/classical.00045.jpg
180,metal.00041.wav,metal,18,0,0,0,0,0,0,1,0,0,0,/content/Imgs/metal.00041.jpg
181,country.00052.wav,country,2,0,0,1,0,0,0,0,0,0,0,/content/Imgs/country.00052.jpg
182,blues.00000.wav,blues,6,1,0,0,0,0,0,0,0,0,0,/content/Imgs/blues.00000.jpg
183,reggae.00042.wav,reggae,19,0,0,0,0,0,0,0,0,1,0,/content/Imgs/reggae.00042.jpg
184,country.00018.wav,country,7,0,0,1,0,0,0,0,0,0,0,/content/Imgs/country.00018.jpg
185,metal.00074.wav,metal,17,0,0,0,0,0,0,1,0,0,0,/content/Imgs/metal.00074.jpg
186,blues.00044.wav,blues,11,1,0,0,0,0,0,0,0,0,0,/content/Imgs/blues.00044.jpg
187,country.00027.wav,country,19,0,0,1,0,0,0,0,0,0,0,/content/Imgs/country.00027.jpg
188,country.00093.wav,country,19,0,0,1,0,0,0,0,0,0,0,/content/Imgs/country.00093.jpg
189,rock.00081.wav,rock,10,0,0,0,0,0,0,0,0,0,1,/content/Imgs/rock.00081.jpg
190,country.00006.wav,country,5,0,0,1,0,0,0,0,0,0,0,/content/Imgs/country.00006.jpg
191,reggae.00008.wav,reggae,4,0,0,0,0,0,0,0,0,1,0,/content/Imgs/reggae.00008.jpg
192,hiphop.00060.wav,hiphop,12,0,0,0,0,1,0,0,0,0,0,/content/Imgs/hiphop.00060.jpg
193,jazz.00035.wav,jazz,8,0,0,0,0,0,1,0,0,0,0,/content/Imgs/jazz.00035.jpg
194,rock.00059.wav,rock,5,0,0,0,0,0,0,0,0,0,1,/content/Imgs/rock.00059.jpg
195,metal.00000.wav,metal,0,0,0,0,0,0,0,1,0,0,0,/content/Imgs/metal.00000.jpg
196,disco.00081.wav,disco,8,0,0,0,1,0,0,0,0,0,0,/content/Imgs/disco.00081.jpg
197,rock.00089.wav,rock,7,0,0,0,0,0,0,0,0,0,1,/content/Imgs/rock.00089.jpg
198,reggae.00069.wav,reggae,17,0,0,0,0,0,0,0,0,1,0,/content/Imgs/reggae.00069.jpg
199,country.00072.wav,country,3,0,0,1,0,0,0,0,0,0,0,/content/Imgs/country.00072.jpg
200,jazz.00011.wav,jazz,3,0,0,0,0,0,1,0,0,0,0,/content/Imgs/jazz.00011.jpg
201,hiphop.00097.wav,hiphop,0,0,0,0,0,1,0,0,0,0,0,/content/Imgs/hiphop.00097.jpg
202,reggae.00060.wav,reggae,16,0,0,0,0,0,0,0,0,1,0,/content/Imgs/reggae.00060.jpg
203,country.00092.wav,country,4,0,0,1,0,0,0,0,0,0,0,/content/Imgs/country.00092.jpg
204,classical.00065.wav,classical,6,0,1,0,0,0,0,0,0,0,0,/content/Imgs/classical.00065.jpg
205,jazz.00065.wav,jazz,11,0,0,0,0,0,1,0,0,0,0,/content/Imgs/jazz.00065.jpg
206,country.00013.wav,country,18,0,0,1,0,0,0,0,0,0,0,/content/Imgs/country.00013.jpg
207,country.00088.wav,country,5,0,0,1,0,0,0,0,0,0,0,/content/Imgs/country.00088.jpg
208,country.00073.wav,country,6,0,0,1,0,0,0,0,0,0,0,/content/Imgs/country.00073.jpg
209,disco.00088.wav,disco,0,0,0,0,1,0,0,0,0,0,0,/content/Imgs/disco.00088.jpg
210,disco.00002.wav,disco,4,0,0,0,1,0,0,0,0,0,0,/content/Imgs/disco.00002.jpg
211,blues.00006.wav,blues,9,1,0,0,0,0,0,0,0,0,0,/content/Imgs/blues.00006.jpg
212,blues.00025.wav,blues,5,1,0,0,0,0,0,0,0,0,0,/content/Imgs/blues.00025.jpg
213,disco.00099.wav,disco,3,0,0,0,1,0,0,0,0,0,0,/content/Imgs/disco.00099.jpg
214,metal.00052.wav,metal,11,0,0,0,0,0,0,1,0,0,0,/content/Imgs/metal.00052.jpg
215,classical.00096.wav,classical,11,0,1,0,0,0,0,0,0,0,0,/content/Imgs/classical.00096.jpg
216,rock.00004.wav,rock,14,0,0,0,0,0,0,0,0,0,1,/content/Imgs/rock.00004.jpg
217,hiphop.00094.wav,hiphop,13,0,0,0,0,1,0,0,0,0,0,/content/Imgs/hiphop.00094.jpg
218,pop.00077.wav,pop,15,0,0,0,0,0,0,0,1,0,0,/content/Imgs/pop.00077.jpg
219,pop.00050.wav,pop,14,0,0,0,0,0,0,0,1,0,0,/content/Imgs/pop.00050.jpg
220,blues.00092.wav,blues,17,1,0,0,0,0,0,0,0,0,0,/content/Imgs/blues.00092.jpg
221,classical.00050.wav,classical,14,0,1,0,0,0,0,0,0,0,0,/content/Imgs/classical.00050.jpg
222,disco.00072.wav,disco,7,0,0,0,1,0,0,0,0,0,0,/content/Imgs/disco.00072.jpg
223,classical.00035.wav,classical,2,0,1,0,0,0,0,0,0,0,0,/content/Imgs/classical.00035.jpg
224,disco.00033.wav,disco,7,0,0,0,1,0,0,0,0,0,0,/content/Imgs/disco.00033.jpg
225,metal.00008.wav,metal,13,0,0,0,0,0,0,1,0,0,0,/content/Imgs/metal.00008.jpg
226,jazz.00036.wav,jazz,0,0,0,0,0,0,1,0,0,0,0,/content/Imgs/jazz.00036.jpg
227,jazz.00068.wav,jazz,13,0,0,0,0,0,1,0,0,0,0,/content/Imgs/jazz.00068.jpg
228,rock.00019.wav,rock,0,0,0,0,0,0,0,0,0,0,1,/content/Imgs/rock.00019.jpg
229,rock.00051.wav,rock,19,0,0,0,0,0,0,0,0,0,1,/content/Imgs/rock.00051.jpg
230,rock.00095.wav,rock,10,0,0,0,0,0,0,0,0,0,1,/content/Imgs/rock.00095.jpg
231,classical.00015.wav,classical,18,0,1,0,0,0,0,0,0,0,0,/content/Imgs/classical.00015.jpg
232,metal.00065.wav,metal,0,0,0,0,0,0,0,1,0,0,0,/content/Imgs/metal.00065.jpg
233,pop.00033.wav,pop,16,0,0,0,0,0,0,0,1,0,0,/content/Imgs/pop.00033.jpg
234,jazz.00044.wav,jazz,10,0,0,0,0,0,1,0,0,0,0,/content/Imgs/jazz.00044.jpg
235,country.00038.wav,country,6,0,0,1,0,0,0,0,0,0,0,/content/Imgs/country.00038.jpg
236,rock.00015.wav,rock,15,0,0,0,0,0,0,0,0,0,1,/content/Imgs/rock.00015.jpg
237,pop.00001.wav,pop,6,0,0,0,0,0,0,0,1,0,0,/content/Imgs/pop.00001.jpg
238,pop.00062.wav,pop,6,0,0,0,0,0,0,0,1,0,0,/content/Imgs/pop.00062.jpg
239,classical.00084.wav,classical,4,0,1,0,0,0,0,0,0,0,0,/content/Imgs/classical.00084.jpg
240,country.00084.wav,country,15,0,0,1,0,0,0,0,0,0,0,/content/Imgs/country.00084.jpg
241,disco.00038.wav,disco,16,0,0,0,1,0,0,0,0,0,0,/content/Imgs/disco.00038.jpg
242,disco.00011.wav,disco,10,0,0,0,1,0,0,0,0,0,0,/content/Imgs/disco.00011.jpg
243,blues.00064.wav,blues,1,1,0,0,0,0,0,0,0,0,0,/content/Imgs/blues.00064.jpg
244,reggae.00030.wav,reggae,1,0,0,0,0,0,0,0,0,1,0,/content/Imgs/reggae.00030.jpg
245,pop.00034.wav,pop,2,0,0,0,0,0,0,0,1,0,0,/content/Imgs/pop.00034.jpg
246,rock.00088.wav,rock,19,0,0,0,0,0,0,0,0,0,1,/content/Imgs/rock.00088.jpg
247,classical.00089.wav,classical,5,0,1,0,0,0,0,0,0,0,0,/content/Imgs/classical.00089.jpg
248,disco.00042.wav,disco,12,0,0,0,1,0,0,0,0,0,0,/content/Imgs/disco.00042.jpg
249,jazz.00015.wav,jazz,5,0,0,0,0,0,1,0,0,0,0,/content/Imgs/jazz.00015.jpg
250,jazz.00060.wav,jazz,10,0,0,0,0,0,1,0,0,0,0,/content/Imgs/jazz.00060.jpg
251,hiphop.00051.wav,hiphop,1,0,0,0,0,1,0,0,0,0,0,/content/Imgs/hiphop.00051.jpg
252,hiphop.00016.wav,hiphop,16,0,0,0,0,1,0,0,0,0,0,/content/Imgs/hiphop.00016.jpg
253,rock.00084.wav,rock,8,0,0,0,0,0,0,0,0,0,1,/content/Imgs/rock.00084.jpg
254,disco.00036.wav,disco,19,0,0,0,1,0,0,0,0,0,0,/content/Imgs/disco.00036.jpg
255,disco.00041.wav,disco,14,0,0,0,1,0,0,0,0,0,0,/content/Imgs/disco.00041.jpg
256,country.00012.wav,country,12,0,0,1,0,0,0,0,0,0,0,/content/Imgs/country.00012.jpg
257,reggae.00051.wav,reggae,5,0,0,0,0,0,0,0,0,1,0,/content/Imgs/reggae.00051.jpg
258,country.00017.wav,country,11,0,0,1,0,0,0,0,0,0,0,/content/Imgs/country.00017.jpg
259,blues.00040.wav,blues,8,1,0,0,0,0,0,0,0,0,0,/content/Imgs/blues.00040.jpg
260,classical.00024.wav,classical,8,0,1,0,0,0,0,0,0,0,0,/content/Imgs/classical.00024.jpg
261,reggae.00021.wav,reggae,15,0,0,0,0,0,0,0,0,1,0,/content/Imgs/reggae.00021.jpg
262,metal.00018.wav,metal,5,0,0,0,0,0,0,1,0,0,0,/content/Imgs/metal.00018.jpg
263,classical.00081.wav,classical,15,0,1,0,0,0,0,0,0,0,0,/content/Imgs/classical.00081.jpg
264,classical.00033.wav,classical,1,0,1,0,0,0,0,0,0,0,0,/content/Imgs/classical.00033.jpg
265,hiphop.00057.wav,hiphop,14,0,0,0,0,1,0,0,0,0,0,/content/Imgs/hiphop.00057.jpg
266,metal.00028.wav,metal,2,0,0,0,0,0,0,1,0,0,0,/content/Imgs/metal.00028.jpg
267,blues.00046.wav,blues,10,1,0,0,0,0,0,0,0,0,0,/content/Imgs/blues.00046.jpg
268,country.00046.wav,country,3,0,0,1,0,0,0,0,0,0,0,/content/Imgs/country.00046.jpg
269,pop.00002.wav,pop,14,0,0,0,0,0,0,0,1,0,0,/content/Imgs/pop.00002.jpg
270,jazz.00019.wav,jazz,7,0,0,0,0,0,1,0,0,0,0,/content/Imgs/jazz.00019.jpg
271,blues.00013.wav,blues,9,1,0,0,0,0,0,0,0,0,0,/content/Imgs/blues.00013.jpg
272,pop.00027.wav,pop,14,0,0,0,0,0,0,0,1,0,0,/content/Imgs/pop.00027.jpg
273,rock.00033.wav,rock,18,0,0,0,0,0,0,0,0,0,1,/content/Imgs/rock.00033.jpg
274,pop.00058.wav,pop,6,0,0,0,0,0,0,0,1,0,0,/content/Imgs/pop.00058.jpg
275,reggae.00043.wav,reggae,2,0,0,0,0,0,0,0,0,1,0,/content/Imgs/reggae.00043.jpg
276,disco.00075.wav,disco,9,0,0,0,1,0,0,0,0,0,0,/content/Imgs/disco.00075.jpg
277,jazz.00034.wav,jazz,1,0,0,0,0,0,1,0,0,0,0,/content/Imgs/jazz.00034.jpg
278,disco.00067.wav,disco,17,0,0,0,1,0,0,0,0,0,0,/content/Imgs/disco.00067.jpg
279,blues.00027.wav,blues,5,1,0,0,0,0,0,0,0,0,0,/content/Imgs/blues.00027.jpg
280,reggae.00076.wav,reggae,0,0,0,0,0,0,0,0,0,1,0,/content/Imgs/reggae.00076.jpg
281,disco.00097.wav,disco,2,0,0,0,1,0,0,0,0,0,0,/content/Imgs/disco.00097.jpg
282,country.00055.wav,country,1,0,0,1,0,0,0,0,0,0,0,/content/Imgs/country.00055.jpg
283,rock.00064.wav,rock,1,0,0,0,0,0,0,0,0,0,1,/content/Imgs/rock.00064.jpg
284,country.00005.wav,country,17,0,0,1,0,0,0,0,0,0,0,/content/Imgs/country.00005.jpg
285,pop.00081.wav,pop,16,0,0,0,0,0,0,0,1,0,0,/content/Imgs/pop.00081.jpg
286,rock.00086.wav,rock,6,0,0,0,0,0,0,0,0,0,1,/content/Imgs/rock.00086.jpg
287,disco.00035.wav,disco,13,0,0,0,1,0,0,0,0,0,0,/content/Imgs/disco.00035.jpg
288,disco.00087.wav,disco,6,0,0,0,1,0,0,0,0,0,0,/content/Imgs/disco.00087.jpg
289,disco.00064.wav,disco,12,0,0,0,1,0,0,0,0,0,0,/content/Imgs/disco.00064.jpg
290,metal.00075.wav,metal,1,0,0,0,0,0,0,1,0,0,0,/content/Imgs/metal.00075.jpg
291,classical.00066.wav,classical,16,0,1,0,0,0,0,0,0,0,0,/content/Imgs/classical.00066.jpg
292,pop.00028.wav,pop,1,0,0,0,0,0,0,0,1,0,0,/content/Imgs/pop.00028.jpg
293,classical.00016.wav,classical,8,0,1,0,0,0,0,0,0,0,0,/content/Imgs/classical.00016.jpg
294,blues.00026.wav,blues,3,1,0,0,0,0,0,0,0,0,0,/content/Imgs/blues.00026.jpg
295,classical.00019.wav,classical,19,0,1,0,0,0,0,0,0,0,0,/content/Imgs/classical.00019.jpg
296,disco.00037.wav,disco,14,0,0,0,1,0,0,0,0,0,0,/content/Imgs/disco.00037.jpg
297,disco.00069.wav,disco,9,0,0,0,1,0,0,0,0,0,0,/content/Imgs/disco.00069.jpg
298,hiphop.00072.wav,hiphop,18,0,0,0,0,1,0,0,0,0,0,/content/Imgs/hiphop.00072.jpg
299,rock.00098.wav,rock,12,0,0,0,0,0,0,0,0,0,1,/content/Imgs/rock.00098.jpg
300,rock.00067.wav,rock,9,0,0,0,0,0,0,0,0,0,1,/content/Imgs/rock.00067.jpg
301,blues.00080.wav,blues,10,1,0,0,0,0,0,0,0,0,0,/content/Imgs/blues.00080.jpg
302,pop.00063.wav,pop,14,0,0,0,0,0,0,0,1,0,0,/content/Imgs/pop.00063.jpg
303,classical.00097.wav,classical,9,0,1,0,0,0,0,0,0,0,0,/content/Imgs/classical.00097.jpg
304,blues.00065.wav,blues,1,1,0,0,0,0,0,0,0,0,0,/content/Imgs/blues.00065.jpg
305,metal.00010.wav,metal,6,0,0,0,0,0,0,1,0,0,0,/content/Imgs/metal.00010.jpg
306,classical.00011.wav,classical,10,0,1,0,0,0,0,0,0,0,0,/content/Imgs/classical.00011.jpg
307,blues.00073.wav,blues,16,1,0,0,0,0,0,0,0,0,0,/content/Imgs/blues.00073.jpg
308,reggae.00068.wav,reggae,19,0,0,0,0,0,0,0,0,1,0,/content/Imgs/reggae.00068.jpg
309,country.00097.wav,country,7,0,0,1,0,0,0,0,0,0,0,/content/Imgs/country.00097.jpg
310,metal.00090.wav,metal,4,0,0,0,0,0,0,1,0,0,0,/content/Imgs/metal.00090.jpg
311,hiphop.00088.wav,hiphop,19,0,0,0,0,1,0,0,0,0,0,/content/Imgs/hiphop.00088.jpg
312,pop.00074.wav,pop,1,0,0,0,0,0,0,0,1,0,0,/content/Imgs/pop.00074.jpg
313,classical.00014.wav,classical,1,0,1,0,0,0,0,0,0,0,0,/content/Imgs/classical.00014.jpg
314,disco.00073.wav,disco,4,0,0,0,1,0,0,0,0,0,0,/content/Imgs/disco.00073.jpg
315,metal.00084.wav,metal,15,0,0,0,0,0,0,1,0,0,0,/content/Imgs/metal.00084.jpg
316,rock.00021.wav,rock,16,0,0,0,0,0,0,0,0,0,1,/content/Imgs/rock.00021.jpg
317,pop.00039.wav,pop,8,0,0,0,0,0,0,0,1,0,0,/content/Imgs/pop.00039.jpg
318,country.00048.wav,country,9,0,0,1,0,0,0,0,0,0,0,/content/Imgs/country.00048.jpg
319,disco.00047.wav,disco,14,0,0,0,1,0,0,0,0,0,0,/content/Imgs/disco.00047.jpg
320,country.00014.wav,country,4,0,0,1,0,0,0,0,0,0,0,/content/Imgs/country.00014.jpg
321,classical.00013.wav,classical,6,0,1,0,0,0,0,0,0,0,0,/content/Imgs/classical.00013.jpg
322,metal.00030.wav,metal,9,0,0,0,0,0,0,1,0,0,0,/content/Imgs/metal.00030.jpg
323,rock.00024.wav,rock,16,0,0,0,0,0,0,0,0,0,1,/content/Imgs/rock.00024.jpg
324,hiphop.00047.wav,hiphop,14,0,0,0,0,1,0,0,0,0,0,/content/Imgs/hiphop.00047.jpg
325,metal.00080.wav,metal,12,0,0,0,0,0,0,1,0,0,0,/content/Imgs/metal.00080.jpg
326,disco.00045.wav,disco,0,0,0,0,1,0,0,0,0,0,0,/content/Imgs/disco.00045.jpg
327,classical.00021.wav,classical,4,0,1,0,0,0,0,0,0,0,0,/content/Imgs/classical.00021.jpg
328,reggae.00063.wav,reggae,4,0,0,0,0,0,0,0,0,1,0,/content/Imgs/reggae.00063.jpg
329,country.00075.wav,country,6,0,0,1,0,0,0,0,0,0,0,/content/Imgs/country.00075.jpg
330,classical.00064.wav,classical,17,0,1,0,0,0,0,0,0,0,0,/content/Imgs/classical.00064.jpg
331,rock.00062.wav,rock,0,0,0,0,0,0,0,0,0,0,1,/content/Imgs/rock.00062.jpg
332,pop.00026.wav,pop,9,0,0,0,0,0,0,0,1,0,0,/content/Imgs/pop.00026.jpg
333,disco.00017.wav,disco,1,0,0,0,1,0,0,0,0,0,0,/content/Imgs/disco.00017.jpg
334,classical.00029.wav,classical,13,0,1,0,0,0,0,0,0,0,0,/content/Imgs/classical.00029.jpg
335,reggae.00015.wav,reggae,11,0,0,0,0,0,0,0,0,1,0,/content/Imgs/reggae.00015.jpg
336,pop.00049.wav,pop,3,0,0,0,0,0,0,0,1,0,0,/content/Imgs/pop.00049.jpg
337,hiphop.00000.wav,hiphop,7,0,0,0,0,1,0,0,0,0,0,/content/Imgs/hiphop.00000.jpg
338,hiphop.00012.wav,hiphop,6,0,0,0,0,1,0,0,0,0,0,/content/Imgs/hiphop.00012.jpg
339,blues.00015.wav,blues,10,1,0,0,0,0,0,0,0,0,0,/content/Imgs/blues.00015.jpg
340,jazz.00089.wav,jazz,15,0,0,0,0,0,1,0,0,0,0,/content/Imgs/jazz.00089.jpg
341,rock.00074.wav,rock,4,0,0,0,0,0,0,0,0,0,1,/content/Imgs/rock.00074.jpg
342,jazz.00080.wav,jazz,0,0,0,0,0,0,1,0,0,0,0,/content/Imgs/jazz.00080.jpg
343,blues.00036.wav,blues,11,1,0,0,0,0,0,0,0,0,0,/content/Imgs/blues.00036.jpg
344,rock.00087.wav,rock,1,0,0,0,0,0,0,0,0,0,1,/content/Imgs/rock.00087.jpg
345,metal.00071.wav,metal,4,0,0,0,0,0,0,1,0,0,0,/content/Imgs/metal.00071.jpg
346,classical.00075.wav,classical,15,0,1,0,0,0,0,0,0,0,0,/content/Imgs/classical.00075.jpg
347,disco.00089.wav,disco,12,0,0,0,1,0,0,0,0,0,0,/content/Imgs/disco.00089.jpg
348,hiphop.00002.wav,hiphop,11,0,0,0,0,1,0,0,0,0,0,/content/Imgs/hiphop.00002.jpg
349,country.00095.wav,country,8,0,0,1,0,0,0,0,0,0,0,/content/Imgs/country.00095.jpg
350,metal.00046.wav,metal,19,0,0,0,0,0,0,1,0,0,0,/content/Imgs/metal.00046.jpg
351,reggae.00072.wav,reggae,16,0,0,0,0,0,0,0,0,1,0,/content/Imgs/reggae.00072.jpg
352,blues.00058.wav,blues,1,1,0,0,0,0,0,0,0,0,0,/content/Imgs/blues.00058.jpg
353,classical.00072.wav,classical,7,0,1,0,0,0,0,0,0,0,0,/content/Imgs/classical.00072.jpg
354,jazz.00053.wav,jazz,13,0,0,0,0,0,1,0,0,0,0,/content/Imgs/jazz.00053.jpg
355,disco.00059.wav,disco,19,0,0,0,1,0,0,0,0,0,0,/content/Imgs/disco.00059.jpg
356,jazz.00052.wav,jazz,16,0,0,0,0,0,1,0,0,0,0,/content/Imgs/jazz.00052.jpg
357,pop.00068.wav,pop,9,0,0,0,0,0,0,0,1,0,0,/content/Imgs/pop.00068.jpg
358,disco.00046.wav,disco,0,0,0,0,1,0,0,0,0,0,0,/content/Imgs/disco.00046.jpg
359,hiphop.00064.wav,hiphop,8,0,0,0,0,1,0,0,0,0,0,/content/Imgs/hiphop.00064.jpg
360,metal.00092.wav,metal,5,0,0,0,0,0,0,1,0,0,0,/content/Imgs/metal.00092.jpg
361,metal.00032.wav,metal,17,0,0,0,0,0,0,1,0,0,0,/content/Imgs/metal.00032.jpg
362,pop.00009.wav,pop,6,0,0,0,0,0,0,0,1,0,0,/content/Imgs/pop.00009.jpg
363,jazz.00074.wav,jazz,9,0,0,0,0,0,1,0,0,0,0,/content/Imgs/jazz.00074.jpg
364,pop.00018.wav,pop,1,0,0,0,0,0,0,0,1,0,0,/content/Imgs/pop.00018.jpg
365,hiphop.00021.wav,hiphop,2,0,0,0,0,1,0,0,0,0,0,/content/Imgs/hiphop.00021.jpg
366,hiphop.00014.wav,hiphop,15,0,0,0,0,1,0,0,0,0,0,/content/Imgs/hiphop.00014.jpg
367,metal.00022.wav,metal,3,0,0,0,0,0,0,1,0,0,0,/content/Imgs/metal.00022.jpg
368,metal.00034.wav,metal,3,0,0,0,0,0,0,1,0,0,0,/content/Imgs/metal.00034.jpg
369,hiphop.00087.wav,hiphop,18,0,0,0,0,1,0,0,0,0,0,/content/Imgs/hiphop.00087.jpg
370,pop.00007.wav,pop,17,0,0,0,0,0,0,0,1,0,0,/content/Imgs/pop.00007.jpg
371,pop.00045.wav,pop,5,0,0,0,0,0,0,0,1,0,0,/content/Imgs/pop.00045.jpg
372,pop.00085.wav,pop,3,0,0,0,0,0,0,0,1,0,0,/content/Imgs/pop.00085.jpg
373,jazz.00055.wav,jazz,11,0,0,0,0,0,1,0,0,0,0,/content/Imgs/jazz.00055.jpg
374,blues.00068.wav,blues,14,1,0,0,0,0,0,0,0,0,0,/content/Imgs/blues.00068.jpg
375,jazz.00088.wav,jazz,4,0,0,0,0,0,1,0,0,0,0,/content/Imgs/jazz.00088.jpg
376,reggae.00041.wav,reggae,14,0,0,0,0,0,0,0,0,1,0,/content/Imgs/reggae.00041.jpg
377,reggae.00054.wav,reggae,10,0,0,0,0,0,0,0,0,1,0,/content/Imgs/reggae.00054.jpg
378,metal.00031.wav,metal,8,0,0,0,0,0,0,1,0,0,0,/content/Imgs/metal.00031.jpg
379,country.00007.wav,country,5,0,0,1,0,0,0,0,0,0,0,/content/Imgs/country.00007.jpg
380,jazz.00033.wav,jazz,4,0,0,0,0,0,1,0,0,0,0,/content/Imgs/jazz.00033.jpg
381,blues.00038.wav,blues,8,1,0,0,0,0,0,0,0,0,0,/content/Imgs/blues.00038.jpg
382,reggae.00037.wav,reggae,7,0,0,0,0,0,0,0,0,1,0,/content/Imgs/reggae.00037.jpg
383,disco.00074.wav,disco,5,0,0,0,1,0,0,0,0,0,0,/content/Imgs/disco.00074.jpg
384,country.00058.wav,country,10,0,0,1,0,0,0,0,0,0,0,/content/Imgs/country.00058.jpg
385,hiphop.00092.wav,hiphop,2,0,0,0,0,1,0,0,0,0,0,/content/Imgs/hiphop.00092.jpg
386,hiphop.00035.wav,hiphop,3,0,0,0,0,1,0,0,0,0,0,/content/Imgs/hiphop.00035.jpg
387,reggae.00093.wav,reggae,11,0,0,0,0,0,0,0,0,1,0,/content/Imgs/reggae.00093.jpg
388,rock.00018.wav,rock,11,0,0,0,0,0,0,0,0,0,1,/content/Imgs/rock.00018.jpg
389,disco.00091.wav,disco,18,0,0,0,1,0,0,0,0,0,0,/content/Imgs/disco.00091.jpg
390,blues.00056.wav,blues,16,1,0,0,0,0,0,0,0,0,0,/content/Imgs/blues.00056.jpg
391,blues.00055.wav,blues,9,1,0,0,0,0,0,0,0,0,0,/content/Imgs/blues.00055.jpg
392,jazz.00057.wav,jazz,0,0,0,0,0,0,1,0,0,0,0,/content/Imgs/jazz.00057.jpg
393,blues.00024.wav,blues,14,1,0,0,0,0,0,0,0,0,0,/content/Imgs/blues.00024.jpg
394,metal.00066.wav,metal,18,0,0,0,0,0,0,1,0,0,0,/content/Imgs/metal.00066.jpg
395,reggae.00075.wav,reggae,15,0,0,0,0,0,0,0,0,1,0,/content/Imgs/reggae.00075.jpg
396,metal.00020.wav,metal,16,0,0,0,0,0,0,1,0,0,0,/content/Imgs/metal.00020.jpg
397,classical.00095.wav,classical,12,0,1,0,0,0,0,0,0,0,0,/content/Imgs/classical.00095.jpg
398,rock.00000.wav,rock,6,0,0,0,0,0,0,0,0,0,1,/content/Imgs/rock.00000.jpg
399,metal.00086.wav,metal,7,0,0,0,0,0,0,1,0,0,0,/content/Imgs/metal.00086.jpg
400,jazz.00085.wav,jazz,9,0,0,0,0,0,1,0,0,0,0,/content/Imgs/jazz.00085.jpg
401,metal.00072.wav,metal,5,0,0,0,0,0,0,1,0,0,0,/content/Imgs/metal.00072.jpg
402,disco.00039.wav,disco,5,0,0,0,1,0,0,0,0,0,0,/content/Imgs/disco.00039.jpg
403,rock.00022.wav,rock,13,0,0,0,0,0,0,0,0,0,1,/content/Imgs/rock.00022.jpg
404,metal.00061.wav,metal,15,0,0,0,0,0,0,1,0,0,0,/content/Imgs/metal.00061.jpg
405,pop.00056.wav,pop,18,0,0,0,0,0,0,0,1,0,0,/content/Imgs/pop.00056.jpg
406,rock.00040.wav,rock,11,0,0,0,0,0,0,0,0,0,1,/content/Imgs/rock.00040.jpg
407,metal.00045.wav,metal,11,0,0,0,0,0,0,1,0,0,0,/content/Imgs/metal.00045.jpg
408,country.00080.wav,country,12,0,0,1,0,0,0,0,0,0,0,/content/Imgs/country.00080.jpg
409,blues.00053.wav,blues,15,1,0,0,0,0,0,0,0,0,0,/content/Imgs/blues.00053.jpg
410,rock.00045.wav,rock,17,0,0,0,0,0,0,0,0,0,1,/content/Imgs/rock.00045.jpg
411,disco.00090.wav,disco,6,0,0,0,1,0,0,0,0,0,0,/content/Imgs/disco.00090.jpg
412,hiphop.00073.wav,hiphop,5,0,0,0,0,1,0,0,0,0,0,/content/Imgs/hiphop.00073.jpg
413,metal.00069.wav,metal,0,0,0,0,0,0,0,1,0,0,0,/content/Imgs/metal.00069.jpg
414,reggae.00061.wav,reggae,13,0,0,0,0,0,0,0,0,1,0,/content/Imgs/reggae.00061.jpg
415,disco.00096.wav,disco,14,0,0,0,1,0,0,0,0,0,0,/content/Imgs/disco.00096.jpg
416,classical.00009.wav,classical,3,0,1,0,0,0,0,0,0,0,0,/content/Imgs/classical.00009.jpg
417,classical.00054.wav,classical,19,0,1,0,0,0,0,0,0,0,0,/content/Imgs/classical.00054.jpg
418,hiphop.00098.wav,hiphop,14,0,0,0,0,1,0,0,0,0,0,/content/Imgs/hiphop.00098.jpg
419,blues.00012.wav,blues,7,1,0,0,0,0,0,0,0,0,0,/content/Imgs/blues.00012.jpg
420,disco.00093.wav,disco,3,0,0,0,1,0,0,0,0,0,0,/content/Imgs/disco.00093.jpg
421,rock.00079.wav,rock,7,0,0,0,0,0,0,0,0,0,1,/content/Imgs/rock.00079.jpg
422,blues.00069.wav,blues,3,1,0,0,0,0,0,0,0,0,0,/content/Imgs/blues.00069.jpg
423,blues.00052.wav,blues,17,1,0,0,0,0,0,0,0,0,0,/content/Imgs/blues.00052.jpg
424,pop.00006.wav,pop,5,0,0,0,0,0,0,0,1,0,0,/content/Imgs/pop.00006.jpg
425,rock.00020.wav,rock,10,0,0,0,0,0,0,0,0,0,1,/content/Imgs/rock.00020.jpg
426,jazz.00095.wav,jazz,15,0,0,0,0,0,1,0,0,0,0,/content/Imgs/jazz.00095.jpg
427,jazz.00064.wav,jazz,1,0,0,0,0,0,1,0,0,0,0,/content/Imgs/jazz.00064.jpg
428,blues.00003.wav,blues,6,1,0,0,0,0,0,0,0,0,0,/content/Imgs/blues.00003.jpg
429,metal.00099.wav,metal,19,0,0,0,0,0,0,1,0,0,0,/content/Imgs/metal.00099.jpg
430,rock.00030.wav,rock,6,0,0,0,0,0,0,0,0,0,1,/content/Imgs/rock.00030.jpg
431,metal.00057.wav,metal,0,0,0,0,0,0,0,1,0,0,0,/content/Imgs/metal.00057.jpg
432,hiphop.00017.wav,hiphop,8,0,0,0,0,1,0,0,0,0,0,/content/Imgs/hiphop.00017.jpg
433,reggae.00070.wav,reggae,7,0,0,0,0,0,0,0,0,1,0,/content/Imgs/reggae.00070.jpg
434,country.00035.wav,country,3,0,0,1,0,0,0,0,0,0,0,/content/Imgs/country.00035.jpg
435,classical.00038.wav,classical,9,0,1,0,0,0,0,0,0,0,0,/content/Imgs/classical.00038.jpg
436,reggae.00032.wav,reggae,0,0,0,0,0,0,0,0,0,1,0,/content/Imgs/reggae.00032.jpg
437,reggae.00001.wav,reggae,14,0,0,0,0,0,0,0,0,1,0,/content/Imgs/reggae.00001.jpg
438,hiphop.00086.wav,hiphop,7,0,0,0,0,1,0,0,0,0,0,/content/Imgs/hiphop.00086.jpg
439,pop.00052.wav,pop,10,0,0,0,0,0,0,0,1,0,0,/content/Imgs/pop.00052.jpg
440,metal.00097.wav,metal,10,0,0,0,0,0,0,1,0,0,0,/content/Imgs/metal.00097.jpg
441,rock.00058.wav,rock,14,0,0,0,0,0,0,0,0,0,1,/content/Imgs/rock.00058.jpg
442,pop.00032.wav,pop,2,0,0,0,0,0,0,0,1,0,0,/content/Imgs/pop.00032.jpg
443,disco.00060.wav,disco,17,0,0,0,1,0,0,0,0,0,0,/content/Imgs/disco.00060.jpg
444,pop.00067.wav,pop,4,0,0,0,0,0,0,0,1,0,0,/content/Imgs/pop.00067.jpg
445,country.00083.wav,country,12,0,0,1,0,0,0,0,0,0,0,/content/Imgs/country.00083.jpg
446,reggae.00003.wav,reggae,11,0,0,0,0,0,0,0,0,1,0,/content/Imgs/reggae.00003.jpg
447,metal.00062.wav,metal,9,0,0,0,0,0,0,1,0,0,0,/content/Imgs/metal.00062.jpg
448,jazz.00030.wav,jazz,17,0,0,0,0,0,1,0,0,0,0,/content/Imgs/jazz.00030.jpg
449,reggae.00016.wav,reggae,7,0,0,0,0,0,0,0,0,1,0,/content/Imgs/reggae.00016.jpg
450,jazz.00040.wav,jazz,12,0,0,0,0,0,1,0,0,0,0,/content/Imgs/jazz.00040.jpg
451,country.00020.wav,country,16,0,0,1,0,0,0,0,0,0,0,/content/Imgs/country.00020.jpg
452,country.00040.wav,country,14,0,0,1,0,0,0,0,0,0,0,/content/Imgs/country.00040.jpg
453,metal.00053.wav,metal,16,0,0,0,0,0,0,1,0,0,0,/content/Imgs/metal.00053.jpg
454,jazz.00029.wav,jazz,12,0,0,0,0,0,1,0,0,0,0,/content/Imgs/jazz.00029.jpg
455,blues.00075.wav,blues,10,1,0,0,0,0,0,0,0,0,0,/content/Imgs/blues.00075.jpg
456,country.00043.wav,country,7,0,0,1,0,0,0,0,0,0,0,/content/Imgs/country.00043.jpg
457,pop.00095.wav,pop,0,0,0,0,0,0,0,0,1,0,0,/content/Imgs/pop.00095.jpg
458,blues.00019.wav,blues,11,1,0,0,0,0,0,0,0,0,0,/content/Imgs/blues.00019.jpg
459,blues.00099.wav,blues,1,1,0,0,0,0,0,0,0,0,0,/content/Imgs/blues.00099.jpg
460,classical.00063.wav,classical,12,0,1,0,0,0,0,0,0,0,0,/content/Imgs/classical.00063.jpg
461,blues.00017.wav,blues,7,1,0,0,0,0,0,0,0,0,0,/content/Imgs/blues.00017.jpg
462,classical.00023.wav,classical,16,0,1,0,0,0,0,0,0,0,0,/content/Imgs/classical.00023.jpg
463,blues.00051.wav,blues,3,1,0,0,0,0,0,0,0,0,0,/content/Imgs/blues.00051.jpg
464,jazz.00018.wav,jazz,0,0,0,0,0,0,1,0,0,0,0,/content/Imgs/jazz.00018.jpg
465,jazz.00017.wav,jazz,6,0,0,0,0,0,1,0,0,0,0,/content/Imgs/jazz.00017.jpg
466,blues.00062.wav,blues,13,1,0,0,0,0,0,0,0,0,0,/content/Imgs/blues.00062.jpg
467,rock.00028.wav,rock,16,0,0,0,0,0,0,0,0,0,1,/content/Imgs/rock.00028.jpg
468,rock.00017.wav,rock,9,0,0,0,0,0,0,0,0,0,1,/content/Imgs/rock.00017.jpg
469,pop.00093.wav,pop,3,0,0,0,0,0,0,0,1,0,0,/content/Imgs/pop.00093.jpg
470,country.00042.wav,country,14,0,0,1,0,0,0,0,0,0,0,/content/Imgs/country.00042.jpg
471,jazz.00004.wav,jazz,14,0,0,0,0,0,1,0,0,0,0,/content/Imgs/jazz.00004.jpg
472,reggae.00082.wav,reggae,3,0,0,0,0,0,0,0,0,1,0,/content/Imgs/reggae.00082.jpg
473,metal.00005.wav,metal,6,0,0,0,0,0,0,1,0,0,0,/content/Imgs/metal.00005.jpg
474,jazz.00078.wav,jazz,19,0,0,0,0,0,1,0,0,0,0,/content/Imgs/jazz.00078.jpg
475,reggae.00031.wav,reggae,10,0,0,0,0,0,0,0,0,1,0,/content/Imgs/reggae.00031.jpg
476,pop.00070.wav,pop,7,0,0,0,0,0,0,0,1,0,0,/content/Imgs/pop.00070.jpg
477,blues.00086.wav,blues,4,1,0,0,0,0,0,0,0,0,0,/content/Imgs/blues.00086.jpg
478,rock.00055.wav,rock,13,0,0,0,0,0,0,0,0,0,1,/content/Imgs/rock.00055.jpg
479,hiphop.00058.wav,hiphop,17,0,0,0,0,1,0,0,0,0,0,/content/Imgs/hiphop.00058.jpg
480,metal.00027.wav,metal,7,0,0,0,0,0,0,1,0,0,0,/content/Imgs/metal.00027.jpg
481,blues.00022.wav,blues,18,1,0,0,0,0,0,0,0,0,0,/content/Imgs/blues.00022.jpg
482,hiphop.00039.wav,hiphop,9,0,0,0,0,1,0,0,0,0,0,/content/Imgs/hiphop.00039.jpg
483,rock.00007.wav,rock,17,0,0,0,0,0,0,0,0,0,1,/content/Imgs/rock.00007.jpg
484,disco.00014.wav,disco,19,0,0,0,1,0,0,0,0,0,0,/content/Imgs/disco.00014.jpg
485,metal.00070.wav,metal,9,0,0,0,0,0,0,1,0,0,0,/content/Imgs/metal.00070.jpg
486,country.00096.wav,country,2,0,0,1,0,0,0,0,0,0,0,/content/Imgs/country.00096.jpg
487,metal.00073.wav,metal,16,0,0,0,0,0,0,1,0,0,0,/content/Imgs/metal.00073.jpg
488,blues.00083.wav,blues,7,1,0,0,0,0,0,0,0,0,0,/content/Imgs/blues.00083.jpg
489,metal.00040.wav,metal,1,0,0,0,0,0,0,1,0,0,0,/content/Imgs/metal.00040.jpg
490,metal.00067.wav,metal,19,0,0,0,0,0,0,1,0,0,0,/content/Imgs/metal.00067.jpg
491,blues.00079.wav,blues,0,1,0,0,0,0,0,0,0,0,0,/content/Imgs/blues.00079.jpg
492,blues.00001.wav,blues,19,1,0,0,0,0,0,0,0,0,0,/content/Imgs/blues.00001.jpg
493,hiphop.00081.wav,hiphop,14,0,0,0,0,1,0,0,0,0,0,/content/Imgs/hiphop.00081.jpg
494,hiphop.00069.wav,hiphop,5,0,0,0,0,1,0,0,0,0,0,/content/Imgs/hiphop.00069.jpg
495,classical.00049.wav,classical,9,0,1,0,0,0,0,0,0,0,0,/content/Imgs/classical.00049.jpg
496,reggae.00066.wav,reggae,12,0,0,0,0,0,0,0,0,1,0,/content/Imgs/reggae.00066.jpg
497,country.00019.wav,country,0,0,0,1,0,0,0,0,0,0,0,/content/Imgs/country.00019.jpg
498,reggae.00074.wav,reggae,13,0,0,0,0,0,0,0,0,1,0,/content/Imgs/reggae.00074.jpg
499,metal.00054.wav,metal,11,0,0,0,0,0,0,1,0,0,0,/content/Imgs/metal.00054.jpg
500,classical.00001.wav,classical,13,0,1,0,0,0,0,0,0,0,0,/content/Imgs/classical.00001.jpg
501,disco.00085.wav,disco,3,0,0,0,1,0,0,0,0,0,0,/content/Imgs/disco.00085.jpg
502,disco.00061.wav,disco,12,0,0,0,1,0,0,0,0,0,0,/content/Imgs/disco.00061.jpg
503,disco.00053.wav,disco,8,0,0,0,1,0,0,0,0,0,0,/content/Imgs/disco.00053.jpg
504,reggae.00005.wav,reggae,3,0,0,0,0,0,0,0,0,1,0,/content/Imgs/reggae.00005.jpg
505,classical.00037.wav,classical,15,0,1,0,0,0,0,0,0,0,0,/content/Imgs/classical.00037.jpg
506,hiphop.00091.wav,hiphop,15,0,0,0,0,1,0,0,0,0,0,/content/Imgs/hiphop.00091.jpg
507,country.00001.wav,country,2,0,0,1,0,0,0,0,0,0,0,/content/Imgs/country.00001.jpg
508,blues.00021.wav,blues,8,1,0,0,0,0,0,0,0,0,0,/content/Imgs/blues.00021.jpg
509,country.00004.wav,country,19,0,0,1,0,0,0,0,0,0,0,/content/Imgs/country.00004.jpg
510,country.00010.wav,country,17,0,0,1,0,0,0,0,0,0,0,/content/Imgs/country.00010.jpg
511,pop.00071.wav,pop,1,0,0,0,0,0,0,0,1,0,0,/content/Imgs/pop.00071.jpg
512,classical.00006.wav,classical,0,0,1,0,0,0,0,0,0,0,0,/content/Imgs/classical.00006.jpg
513,classical.00043.wav,classical,14,0,1,0,0,0,0,0,0,0,0,/content/Imgs/classical.00043.jpg
514,classical.00017.wav,classical,8,0,1,0,0,0,0,0,0,0,0,/content/Imgs/classical.00017.jpg
515,blues.00043.wav,blues,3,1,0,0,0,0,0,0,0,0,0,/content/Imgs/blues.00043.jpg
516,classical.00076.wav,classical,9,0,1,0,0,0,0,0,0,0,0,/content/Imgs/classical.00076.jpg
517,pop.00097.wav,pop,19,0,0,0,0,0,0,0,1,0,0,/content/Imgs/pop.00097.jpg
518,blues.00084.wav,blues,17,1,0,0,0,0,0,0,0,0,0,/content/Imgs/blues.00084.jpg
519,disco.00095.wav,disco,15,0,0,0,1,0,0,0,0,0,0,/content/Imgs/disco.00095.jpg
520,hiphop.00006.wav,hiphop,10,0,0,0,0,1,0,0,0,0,0,/content/Imgs/hiphop.00006.jpg
521,rock.00042.wav,rock,6,0,0,0,0,0,0,0,0,0,1,/content/Imgs/rock.00042.jpg
522,jazz.00070.wav,jazz,1,0,0,0,0,0,1,0,0,0,0,/content/Imgs/jazz.00070.jpg
523,rock.00090.wav,rock,9,0,0,0,0,0,0,0,0,0,1,/content/Imgs/rock.00090.jpg
524,metal.00047.wav,metal,10,0,0,0,0,0,0,1,0,0,0,/content/Imgs/metal.00047.jpg
525,classical.00051.wav,classical,11,0,1,0,0,0,0,0,0,0,0,/content/Imgs/classical.00051.jpg
526,country.00051.wav,country,2,0,0,1,0,0,0,0,0,0,0,/content/Imgs/country.00051.jpg
527,country.00062.wav,country,18,0,0,1,0,0,0,0,0,0,0,/content/Imgs/country.00062.jpg
528,hiphop.00041.wav,hiphop,13,0,0,0,0,1,0,0,0,0,0,/content/Imgs/hiphop.00041.jpg
529,metal.00076.wav,metal,14,0,0,0,0,0,0,1,0,0,0,/content/Imgs/metal.00076.jpg
530,blues.00034.wav,blues,2,1,0,0,0,0,0,0,0,0,0,/content/Imgs/blues.00034.jpg
531,jazz.00062.wav,jazz,8,0,0,0,0,0,1,0,0,0,0,/content/Imgs/jazz.00062.jpg
532,classical.00047.wav,classical,18,0,1,0,0,0,0,0,0,0,0,/content/Imgs/classical.00047.jpg
533,rock.00092.wav,rock,12,0,0,0,0,0,0,0,0,0,1,/content/Imgs/rock.00092.jpg
534,pop.00010.wav,pop,1,0,0,0,0,0,0,0,1,0,0,/content/Imgs/pop.00010.jpg
535,pop.00076.wav,pop,13,0,0,0,0,0,0,0,1,0,0,/content/Imgs/pop.00076.jpg
536,disco.00004.wav,disco,1,0,0,0,1,0,0,0,0,0,0,/content/Imgs/disco.00004.jpg
537,classical.00022.wav,classical,17,0,1,0,0,0,0,0,0,0,0,/content/Imgs/classical.00022.jpg
538,reggae.00022.wav,reggae,2,0,0,0,0,0,0,0,0,1,0,/content/Imgs/reggae.00022.jpg
539,rock.00044.wav,rock,11,0,0,0,0,0,0,0,0,0,1,/content/Imgs/rock.00044.jpg
540,classical.00052.wav,classical,13,0,1,0,0,0,0,0,0,0,0,/content/Imgs/classical.00052.jpg
541,jazz.00091.wav,jazz,19,0,0,0,0,0,1,0,0,0,0,/content/Imgs/jazz.00091.jpg
542,pop.00014.wav,pop,7,0,0,0,0,0,0,0,1,0,0,/content/Imgs/pop.00014.jpg
543,hiphop.00075.wav,hiphop,5,0,0,0,0,1,0,0,0,0,0,/content/Imgs/hiphop.00075.jpg
544,jazz.00031.wav,jazz,1,0,0,0,0,0,1,0,0,0,0,/content/Imgs/jazz.00031.jpg
545,jazz.00084.wav,jazz,17,0,0,0,0,0,1,0,0,0,0,/content/Imgs/jazz.00084.jpg
546,country.00067.wav,country,9,0,0,1,0,0,0,0,0,0,0,/content/Imgs/country.00067.jpg
547,jazz.00099.wav,jazz,16,0,0,0,0,0,1,0,0,0,0,/content/Imgs/jazz.00099.jpg
548,pop.00051.wav,pop,17,0,0,0,0,0,0,0,1,0,0,/content/Imgs/pop.00051.jpg
549,country.00003.wav,country,9,0,0,1,0,0,0,0,0,0,0,/content/Imgs/country.00003.jpg
550,hiphop.00067.wav,hiphop,5,0,0,0,0,1,0,0,0,0,0,/content/Imgs/hiphop.00067.jpg
551,hiphop.00020.wav,hiphop,18,0,0,0,0,1,0,0,0,0,0,/content/Imgs/hiphop.00020.jpg
552,hiphop.00040.wav,hiphop,18,0,0,0,0,1,0,0,0,0,0,/content/Imgs/hiphop.00040.jpg
553,blues.00089.wav,blues,13,1,0,0,0,0,0,0,0,0,0,/content/Imgs/blues.00089.jpg
554,pop.00092.wav,pop,19,0,0,0,0,0,0,0,1,0,0,/content/Imgs/pop.00092.jpg
555,pop.00080.wav,pop,11,0,0,0,0,0,0,0,1,0,0,/content/Imgs/pop.00080.jpg
556,jazz.00037.wav,jazz,11,0,0,0,0,0,1,0,0,0,0,/content/Imgs/jazz.00037.jpg
557,blues.00072.wav,blues,0,1,0,0,0,0,0,0,0,0,0,/content/Imgs/blues.00072.jpg
558,hiphop.00042.wav,hiphop,1,0,0,0,0,1,0,0,0,0,0,/content/Imgs/hiphop.00042.jpg
559,rock.00099.wav,rock,5,0,0,0,0,0,0,0,0,0,1,/content/Imgs/rock.00099.jpg
560,pop.00091.wav,pop,8,0,0,0,0,0,0,0,1,0,0,/content/Imgs/pop.00091.jpg
561,hiphop.00054.wav,hiphop,19,0,0,0,0,1,0,0,0,0,0,/content/Imgs/hiphop.00054.jpg
562,rock.00048.wav,rock,10,0,0,0,0,0,0,0,0,0,1,/content/Imgs/rock.00048.jpg
563,hiphop.00013.wav,hiphop,17,0,0,0,0,1,0,0,0,0,0,/content/Imgs/hiphop.00013.jpg
564,metal.00064.wav,metal,18,0,0,0,0,0,0,1,0,0,0,/content/Imgs/metal.00064.jpg
565,reggae.00053.wav,reggae,15,0,0,0,0,0,0,0,0,1,0,/content/Imgs/reggae.00053.jpg
566,classical.00070.wav,classical,8,0,1,0,0,0,0,0,0,0,0,/content/Imgs/classical.00070.jpg
567,blues.00004.wav,blues,12,1,0,0,0,0,0,0,0,0,0,/content/Imgs/blues.00004.jpg
568,pop.00036.wav,pop,10,0,0,0,0,0,0,0,1,0,0,/content/Imgs/pop.00036.jpg
569,jazz.00090.wav,jazz,3,0,0,0,0,0,1,0,0,0,0,/content/Imgs/jazz.00090.jpg
570,classical.00010.wav,classical,11,0,1,0,0,0,0,0,0,0,0,/content/Imgs/classical.00010.jpg
571,rock.00060.wav,rock,12,0,0,0,0,0,0,0,0,0,1,/content/Imgs/rock.00060.jpg
572,rock.00065.wav,rock,2,0,0,0,0,0,0,0,0,0,1,/content/Imgs/rock.00065.jpg
573,classical.00041.wav,classical,2,0,1,0,0,0,0,0,0,0,0,/content/Imgs/classical.00041.jpg
574,disco.00012.wav,disco,16,0,0,0,1,0,0,0,0,0,0,/content/Imgs/disco.00012.jpg
575,disco.00000.wav,disco,8,0,0,0,1,0,0,0,0,0,0,/content/Imgs/disco.00000.jpg
576,rock.00041.wav,rock,14,0,0,0,0,0,0,0,0,0,1,/content/Imgs/rock.00041.jpg
577,metal.00038.wav,metal,17,0,0,0,0,0,0,1,0,0,0,/content/Imgs/metal.00038.jpg
578,country.00085.wav,country,19,0,0,1,0,0,0,0,0,0,0,/content/Imgs/country.00085.jpg
579,jazz.00093.wav,jazz,2,0,0,0,0,0,1,0,0,0,0,/content/Imgs/jazz.00093.jpg
580,pop.00086.wav,pop,9,0,0,0,0,0,0,0,1,0,0,/content/Imgs/pop.00086.jpg
581,reggae.00055.wav,reggae,9,0,0,0,0,0,0,0,0,1,0,/content/Imgs/reggae.00055.jpg
582,disco.00020.wav,disco,15,0,0,0,1,0,0,0,0,0,0,/content/Imgs/disco.00020.jpg
583,jazz.00003.wav,jazz,10,0,0,0,0,0,1,0,0,0,0,/content/Imgs/jazz.00003.jpg
584,hiphop.00005.wav,hiphop,2,0,0,0,0,1,0,0,0,0,0,/content/Imgs/hiphop.00005.jpg
585,jazz.00067.wav,jazz,6,0,0,0,0,0,1,0,0,0,0,/content/Imgs/jazz.00067.jpg
586,disco.00054.wav,disco,4,0,0,0,1,0,0,0,0,0,0,/content/Imgs/disco.00054.jpg
587,reggae.00018.wav,reggae,13,0,0,0,0,0,0,0,0,1,0,/content/Imgs/reggae.00018.jpg
588,rock.00039.wav,rock,15,0,0,0,0,0,0,0,0,0,1,/content/Imgs/rock.00039.jpg
589,pop.00020.wav,pop,12,0,0,0,0,0,0,0,1,0,0,/content/Imgs/pop.00020.jpg
590,reggae.00089.wav,reggae,6,0,0,0,0,0,0,0,0,1,0,/content/Imgs/reggae.00089.jpg
591,classical.00060.wav,classical,15,0,1,0,0,0,0,0,0,0,0,/content/Imgs/classical.00060.jpg
592,metal.00048.wav,metal,4,0,0,0,0,0,0,1,0,0,0,/content/Imgs/metal.00048.jpg
593,disco.00008.wav,disco,17,0,0,0,1,0,0,0,0,0,0,/content/Imgs/disco.00008.jpg
594,reggae.00056.wav,reggae,17,0,0,0,0,0,0,0,0,1,0,/content/Imgs/reggae.00056.jpg
595,country.00026.wav,country,11,0,0,1,0,0,0,0,0,0,0,/content/Imgs/country.00026.jpg
596,rock.00010.wav,rock,4,0,0,0,0,0,0,0,0,0,1,/content/Imgs/rock.00010.jpg
597,rock.00063.wav,rock,14,0,0,0,0,0,0,0,0,0,1,/content/Imgs/rock.00063.jpg
598,blues.00048.wav,blues,14,1,0,0,0,0,0,0,0,0,0,/content/Imgs/blues.00048.jpg
599,jazz.00009.wav,jazz,15,0,0,0,0,0,1,0,0,0,0,/content/Imgs/jazz.00009.jpg
600,disco.00049.wav,disco,11,0,0,0,1,0,0,0,0,0,0,/content/Imgs/disco.00049.jpg
601,reggae.00028.wav,reggae,13,0,0,0,0,0,0,0,0,1,0,/content/Imgs/reggae.00028.jpg
602,disco.00070.wav,disco,14,0,0,0,1,0,0,0,0,0,0,/content/Imgs/disco.00070.jpg
603,country.00044.wav,country,12,0,0,1,0,0,0,0,0,0,0,/content/Imgs/country.00044.jpg
604,metal.00043.wav,metal,13,0,0,0,0,0,0,1,0,0,0,/content/Imgs/metal.00043.jpg
605,rock.00037.wav,rock,1,0,0,0,0,0,0,0,0,0,1,/content/Imgs/rock.00037.jpg
606,disco.00040.wav,disco,12,0,0,0,1,0,0,0,0,0,0,/content/Imgs/disco.00040.jpg
607,classical.00085.wav,classical,7,0,1,0,0,0,0,0,0,0,0,/content/Imgs/classical.00085.jpg
608,hiphop.00015.wav,hiphop,2,0,0,0,0,1,0,0,0,0,0,/content/Imgs/hiphop.00015.jpg
609,hiphop.00062.wav,hiphop,2,0,0,0,0,1,0,0,0,0,0,/content/Imgs/hiphop.00062.jpg
610,classical.00034.wav,classical,0,0,1,0,0,0,0,0,0,0,0,/content/Imgs/classical.00034.jpg
611,classical.00044.wav,classical,5,0,1,0,0,0,0,0,0,0,0,/content/Imgs/classical.00044.jpg
612,jazz.00061.wav,jazz,8,0,0,0,0,0,1,0,0,0,0,/content/Imgs/jazz.00061.jpg
613,classical.00091.wav,classical,18,0,1,0,0,0,0,0,0,0,0,/content/Imgs/classical.00091.jpg
614,country.00094.wav,country,5,0,0,1,0,0,0,0,0,0,0,/content/Imgs/country.00094.jpg
615,hiphop.00077.wav,hiphop,15,0,0,0,0,1,0,0,0,0,0,/content/Imgs/hiphop.00077.jpg
616,jazz.00056.wav,jazz,0,0,0,0,0,0,1,0,0,0,0,/content/Imgs/jazz.00056.jpg
617,country.00000.wav,country,18,0,0,1,0,0,0,0,0,0,0,/content/Imgs/country.00000.jpg
618,metal.00025.wav,metal,13,0,0,0,0,0,0,1,0,0,0,/content/Imgs/metal.00025.jpg
619,metal.00033.wav,metal,15,0,0,0,0,0,0,1,0,0,0,/content/Imgs/metal.00033.jpg
620,country.00078.wav,country,8,0,0,1,0,0,0,0,0,0,0,/content/Imgs/country.00078.jpg
621,pop.00083.wav,pop,19,0,0,0,0,0,0,0,1,0,0,/content/Imgs/pop.00083.jpg
622,blues.00028.wav,blues,1,1,0,0,0,0,0,0,0,0,0,/content/Imgs/blues.00028.jpg
623,pop.00025.wav,pop,3,0,0,0,0,0,0,0,1,0,0,/content/Imgs/pop.00025.jpg
624,metal.00058.wav,metal,12,0,0,0,0,0,0,1,0,0,0,/content/Imgs/metal.00058.jpg
625,hiphop.00038.wav,hiphop,4,0,0,0,0,1,0,0,0,0,0,/content/Imgs/hiphop.00038.jpg
626,country.00011.wav,country,14,0,0,1,0,0,0,0,0,0,0,/content/Imgs/country.00011.jpg
627,hiphop.00023.wav,hiphop,3,0,0,0,0,1,0,0,0,0,0,/content/Imgs/hiphop.00023.jpg
628,rock.00034.wav,rock,1,0,0,0,0,0,0,0,0,0,1,/content/Imgs/rock.00034.jpg
629,country.00099.wav,country,16,0,0,1,0,0,0,0,0,0,0,/content/Imgs/country.00099.jpg
630,blues.00037.wav,blues,19,1,0,0,0,0,0,0,0,0,0,/content/Imgs/blues.00037.jpg
631,country.00059.wav,country,2,0,0,1,0,0,0,0,0,0,0,/content/Imgs/country.00059.jpg
632,pop.00087.wav,pop,15,0,0,0,0,0,0,0,1,0,0,/content/Imgs/pop.00087.jpg
633,rock.00094.wav,rock,19,0,0,0,0,0,0,0,0,0,1,/content/Imgs/rock.00094.jpg
634,classical.00056.wav,classical,0,0,1,0,0,0,0,0,0,0,0,/content/Imgs/classical.00056.jpg
635,reggae.00017.wav,reggae,0,0,0,0,0,0,0,0,0,1,0,/content/Imgs/reggae.00017.jpg
636,metal.00083.wav,metal,19,0,0,0,0,0,0,1,0,0,0,/content/Imgs/metal.00083.jpg
637,jazz.00002.wav,jazz,7,0,0,0,0,0,1,0,0,0,0,/content/Imgs/jazz.00002.jpg
638,hiphop.00096.wav,hiphop,0,0,0,0,0,1,0,0,0,0,0,/content/Imgs/hiphop.00096.jpg
639,pop.00099.wav,pop,8,0,0,0,0,0,0,0,1,0,0,/content/Imgs/pop.00099.jpg
640,rock.00057.wav,rock,10,0,0,0,0,0,0,0,0,0,1,/content/Imgs/rock.00057.jpg
641,pop.00017.wav,pop,12,0,0,0,0,0,0,0,1,0,0,/content/Imgs/pop.00017.jpg
642,reggae.00029.wav,reggae,3,0,0,0,0,0,0,0,0,1,0,/content/Imgs/reggae.00029.jpg
643,metal.00098.wav,metal,11,0,0,0,0,0,0,1,0,0,0,/content/Imgs/metal.00098.jpg
644,country.00037.wav,country,10,0,0,1,0,0,0,0,0,0,0,/content/Imgs/country.00037.jpg
645,rock.00009.wav,rock,4,0,0,0,0,0,0,0,0,0,1,/content/Imgs/rock.00009.jpg
646,reggae.00046.wav,reggae,11,0,0,0,0,0,0,0,0,1,0,/content/Imgs/reggae.00046.jpg
647,country.00057.wav,country,18,0,0,1,0,0,0,0,0,0,0,/content/Imgs/country.00057.jpg
648,reggae.00050.wav,reggae,15,0,0,0,0,0,0,0,0,1,0,/content/Imgs/reggae.00050.jpg
649,jazz.00027.wav,jazz,2,0,0,0,0,0,1,0,0,0,0,/content/Imgs/jazz.00027.jpg
650,classical.00048.wav,classical,17,0,1,0,0,0,0,0,0,0,0,/content/Imgs/classical.00048.jpg
651,jazz.00081.wav,jazz,18,0,0,0,0,0,1,0,0,0,0,/content/Imgs/jazz.00081.jpg
652,hiphop.00056.wav,hiphop,13,0,0,0,0,1,0,0,0,0,0,/content/Imgs/hiphop.00056.jpg
653,disco.00032.wav,disco,11,0,0,0,1,0,0,0,0,0,0,/content/Imgs/disco.00032.jpg
654,disco.00058.wav,disco,6,0,0,0,1,0,0,0,0,0,0,/content/Imgs/disco.00058.jpg
655,blues.00014.wav,blues,5,1,0,0,0,0,0,0,0,0,0,/content/Imgs/blues.00014.jpg
656,jazz.00049.wav,jazz,9,0,0,0,0,0,1,0,0,0,0,/content/Imgs/jazz.00049.jpg
657,reggae.00004.wav,reggae,14,0,0,0,0,0,0,0,0,1,0,/content/Imgs/reggae.00004.jpg
658,jazz.00087.wav,jazz,15,0,0,0,0,0,1,0,0,0,0,/content/Imgs/jazz.00087.jpg
659,country.00076.wav,country,11,0,0,1,0,0,0,0,0,0,0,/content/Imgs/country.00076.jpg
660,pop.00030.wav,pop,9,0,0,0,0,0,0,0,1,0,0,/content/Imgs/pop.00030.jpg
661,pop.00048.wav,pop,17,0,0,0,0,0,0,0,1,0,0,/content/Imgs/pop.00048.jpg
662,reggae.00002.wav,reggae,19,0,0,0,0,0,0,0,0,1,0,/content/Imgs/reggae.00002.jpg
663,blues.00082.wav,blues,19,1,0,0,0,0,0,0,0,0,0,/content/Imgs/blues.00082.jpg
664,hiphop.00010.wav,hiphop,11,0,0,0,0,1,0,0,0,0,0,/content/Imgs/hiphop.00010.jpg
665,country.00071.wav,country,15,0,0,1,0,0,0,0,0,0,0,/content/Imgs/country.00071.jpg
666,jazz.00028.wav,jazz,10,0,0,0,0,0,1,0,0,0,0,/content/Imgs/jazz.00028.jpg
667,reggae.00036.wav,reggae,18,0,0,0,0,0,0,0,0,1,0,/content/Imgs/reggae.00036.jpg
668,reggae.00084.wav,reggae,6,0,0,0,0,0,0,0,0,1,0,/content/Imgs/reggae.00084.jpg
669,rock.00005.wav,rock,3,0,0,0,0,0,0,0,0,0,1,/content/Imgs/rock.00005.jpg
670,country.00041.wav,country,5,0,0,1,0,0,0,0,0,0,0,/content/Imgs/country.00041.jpg
671,country.00029.wav,country,7,0,0,1,0,0,0,0,0,0,0,/content/Imgs/country.00029.jpg
672,classical.00018.wav,classical,0,0,1,0,0,0,0,0,0,0,0,/content/Imgs/classical.00018.jpg
673,blues.00081.wav,blues,12,1,0,0,0,0,0,0,0,0,0,/content/Imgs/blues.00081.jpg
674,pop.00060.wav,pop,11,0,0,0,0,0,0,0,1,0,0,/content/Imgs/pop.00060.jpg
675,classical.00040.wav,classical,12,0,1,0,0,0,0,0,0,0,0,/content/Imgs/classical.00040.jpg
676,disco.00076.wav,disco,19,0,0,0,1,0,0,0,0,0,0,/content/Imgs/disco.00076.jpg
677,pop.00046.wav,pop,6,0,0,0,0,0,0,0,1,0,0,/content/Imgs/pop.00046.jpg
678,hiphop.00037.wav,hiphop,0,0,0,0,0,1,0,0,0,0,0,/content/Imgs/hiphop.00037.jpg
679,country.00045.wav,country,6,0,0,1,0,0,0,0,0,0,0,/content/Imgs/country.00045.jpg
680,rock.00013.wav,rock,15,0,0,0,0,0,0,0,0,0,1,/content/Imgs/rock.00013.jpg
681,metal.00077.wav,metal,14,0,0,0,0,0,0,1,0,0,0,/content/Imgs/metal.00077.jpg
682,rock.00096.wav,rock,14,0,0,0,0,0,0,0,0,0,1,/content/Imgs/rock.00096.jpg
683,hiphop.00080.wav,hiphop,6,0,0,0,0,1,0,0,0,0,0,/content/Imgs/hiphop.00080.jpg
684,pop.00044.wav,pop,18,0,0,0,0,0,0,0,1,0,0,/content/Imgs/pop.00044.jpg
685,jazz.00000.wav,jazz,9,0,0,0,0,0,1,0,0,0,0,/content/Imgs/jazz.00000.jpg
686,blues.00008.wav,blues,16,1,0,0,0,0,0,0,0,0,0,/content/Imgs/blues.00008.jpg
687,blues.00050.wav,blues,3,1,0,0,0,0,0,0,0,0,0,/content/Imgs/blues.00050.jpg
688,country.00077.wav,country,6,0,0,1,0,0,0,0,0,0,0,/content/Imgs/country.00077.jpg
689,disco.00026.wav,disco,10,0,0,0,1,0,0,0,0,0,0,/content/Imgs/disco.00026.jpg
690,hiphop.00043.wav,hiphop,3,0,0,0,0,1,0,0,0,0,0,/content/Imgs/hiphop.00043.jpg
691,hiphop.00078.wav,hiphop,3,0,0,0,0,1,0,0,0,0,0,/content/Imgs/hiphop.00078.jpg
692,disco.00030.wav,disco,11,0,0,0,1,0,0,0,0,0,0,/content/Imgs/disco.00030.jpg
693,jazz.00075.wav,jazz,13,0,0,0,0,0,1,0,0,0,0,/content/Imgs/jazz.00075.jpg
694,hiphop.00008.wav,hiphop,10,0,0,0,0,1,0,0,0,0,0,/content/Imgs/hiphop.00008.jpg
695,hiphop.00026.wav,hiphop,16,0,0,0,0,1,0,0,0,0,0,/content/Imgs/hiphop.00026.jpg
696,blues.00090.wav,blues,0,1,0,0,0,0,0,0,0,0,0,/content/Imgs/blues.00090.jpg
697,rock.00025.wav,rock,18,0,0,0,0,0,0,0,0,0,1,/content/Imgs/rock.00025.jpg
698,metal.00055.wav,metal,6,0,0,0,0,0,0,1,0,0,0,/content/Imgs/metal.00055.jpg
699,metal.00017.wav,metal,14,0,0,0,0,0,0,1,0,0,0,/content/Imgs/metal.00017.jpg
700,classical.00000.wav,classical,4,0,1,0,0,0,0,0,0,0,0,/content/Imgs/classical.00000.jpg
701,blues.00033.wav,blues,12,1,0,0,0,0,0,0,0,0,0,/content/Imgs/blues.00033.jpg
702,classical.00078.wav,classical,17,0,1,0,0,0,0,0,0,0,0,/content/Imgs/classical.00078.jpg
703,jazz.00008.wav,jazz,16,0,0,0,0,0,1,0,0,0,0,/content/Imgs/jazz.00008.jpg
704,disco.00022.wav,disco,8,0,0,0,1,0,0,0,0,0,0,/content/Imgs/disco.00022.jpg
705,blues.00087.wav,blues,16,1,0,0,0,0,0,0,0,0,0,/content/Imgs/blues.00087.jpg
706,disco.00094.wav,disco,10,0,0,0,1,0,0,0,0,0,0,/content/Imgs/disco.00094.jpg
707,jazz.00010.wav,jazz,5,0,0,0,0,0,1,0,0,0,0,/content/Imgs/jazz.00010.jpg
708,reggae.00010.wav,reggae,5,0,0,0,0,0,0,0,0,1,0,/content/Imgs/reggae.00010.jpg
709,country.00030.wav,country,13,0,0,1,0,0,0,0,0,0,0,/content/Imgs/country.00030.jpg
710,country.00033.wav,country,13,0,0,1,0,0,0,0,0,0,0,/content/Imgs/country.00033.jpg
711,country.00047.wav,country,0,0,0,1,0,0,0,0,0,0,0,/content/Imgs/country.00047.jpg
712,pop.00012.wav,pop,12,0,0,0,0,0,0,0,1,0,0,/content/Imgs/pop.00012.jpg
713,rock.00077.wav,rock,8,0,0,0,0,0,0,0,0,0,1,/content/Imgs/rock.00077.jpg
714,reggae.00027.wav,reggae,9,0,0,0,0,0,0,0,0,1,0,/content/Imgs/reggae.00027.jpg
715,metal.00085.wav,metal,2,0,0,0,0,0,0,1,0,0,0,/content/Imgs/metal.00085.jpg
716,hiphop.00022.wav,hiphop,3,0,0,0,0,1,0,0,0,0,0,/content/Imgs/hiphop.00022.jpg
717,rock.00066.wav,rock,12,0,0,0,0,0,0,0,0,0,1,/content/Imgs/rock.00066.jpg
718,blues.00085.wav,blues,17,1,0,0,0,0,0,0,0,0,0,/content/Imgs/blues.00085.jpg
719,jazz.00006.wav,jazz,12,0,0,0,0,0,1,0,0,0,0,/content/Imgs/jazz.00006.jpg
720,blues.00049.wav,blues,19,1,0,0,0,0,0,0,0,0,0,/content/Imgs/blues.00049.jpg
721,metal.00049.wav,metal,2,0,0,0,0,0,0,1,0,0,0,/content/Imgs/metal.00049.jpg
722,jazz.00023.wav,jazz,16,0,0,0,0,0,1,0,0,0,0,/content/Imgs/jazz.00023.jpg
723,blues.00060.wav,blues,12,1,0,0,0,0,0,0,0,0,0,/content/Imgs/blues.00060.jpg
724,country.00070.wav,country,8,0,0,1,0,0,0,0,0,0,0,/content/Imgs/country.00070.jpg
725,pop.00000.wav,pop,13,0,0,0,0,0,0,0,1,0,0,/content/Imgs/pop.00000.jpg
726,country.00089.wav,country,10,0,0,1,0,0,0,0,0,0,0,/content/Imgs/country.00089.jpg
727,classical.00062.wav,classical,11,0,1,0,0,0,0,0,0,0,0,/content/Imgs/classical.00062.jpg
728,blues.00042.wav,blues,0,1,0,0,0,0,0,0,0,0,0,/content/Imgs/blues.00042.jpg
729,country.00098.wav,country,19,0,0,1,0,0,0,0,0,0,0,/content/Imgs/country.00098.jpg
730,pop.00065.wav,pop,16,0,0,0,0,0,0,0,1,0,0,/content/Imgs/pop.00065.jpg
731,blues.00007.wav,blues,0,1,0,0,0,0,0,0,0,0,0,/content/Imgs/blues.00007.jpg
732,rock.00061.wav,rock,7,0,0,0,0,0,0,0,0,0,1,/content/Imgs/rock.00061.jpg
733,reggae.00000.wav,reggae,10,0,0,0,0,0,0,0,0,1,0,/content/Imgs/reggae.00000.jpg
734,pop.00031.wav,pop,7,0,0,0,0,0,0,0,1,0,0,/content/Imgs/pop.00031.jpg
735,classical.00002.wav,classical,7,0,1,0,0,0,0,0,0,0,0,/content/Imgs/classical.00002.jpg
736,reggae.00020.wav,reggae,9,0,0,0,0,0,0,0,0,1,0,/content/Imgs/reggae.00020.jpg
737,reggae.00019.wav,reggae,14,0,0,0,0,0,0,0,0,1,0,/content/Imgs/reggae.00019.jpg
738,metal.00024.wav,metal,3,0,0,0,0,0,0,1,0,0,0,/content/Imgs/metal.00024.jpg
739,metal.00093.wav,metal,1,0,0,0,0,0,0,1,0,0,0,/content/Imgs/metal.00093.jpg
740,blues.00097.wav,blues,8,1,0,0,0,0,0,0,0,0,0,/content/Imgs/blues.00097.jpg
741,classical.00090.wav,classical,18,0,1,0,0,0,0,0,0,0,0,/content/Imgs/classical.00090.jpg
742,rock.00053.wav,rock,18,0,0,0,0,0,0,0,0,0,1,/content/Imgs/rock.00053.jpg
743,jazz.00043.wav,jazz,5,0,0,0,0,0,1,0,0,0,0,/content/Imgs/jazz.00043.jpg
744,metal.00012.wav,metal,14,0,0,0,0,0,0,1,0,0,0,/content/Imgs/metal.00012.jpg
745,jazz.00072.wav,jazz,18,0,0,0,0,0,1,0,0,0,0,/content/Imgs/jazz.00072.jpg
746,hiphop.00001.wav,hiphop,11,0,0,0,0,1,0,0,0,0,0,/content/Imgs/hiphop.00001.jpg
747,metal.00081.wav,metal,3,0,0,0,0,0,0,1,0,0,0,/content/Imgs/metal.00081.jpg
748,reggae.00078.wav,reggae,5,0,0,0,0,0,0,0,0,1,0,/content/Imgs/reggae.00078.jpg
749,hiphop.00093.wav,hiphop,4,0,0,0,0,1,0,0,0,0,0,/content/Imgs/hiphop.00093.jpg
750,disco.00003.wav,disco,2,0,0,0,1,0,0,0,0,0,0,/content/Imgs/disco.00003.jpg
751,country.00091.wav,country,15,0,0,1,0,0,0,0,0,0,0,/content/Imgs/country.00091.jpg
752,reggae.00047.wav,reggae,11,0,0,0,0,0,0,0,0,1,0,/content/Imgs/reggae.00047.jpg
753,reggae.00033.wav,reggae,17,0,0,0,0,0,0,0,0,1,0,/content/Imgs/reggae.00033.jpg
754,disco.00057.wav,disco,18,0,0,0,1,0,0,0,0,0,0,/content/Imgs/disco.00057.jpg
755,rock.00006.wav,rock,13,0,0,0,0,0,0,0,0,0,1,/content/Imgs/rock.00006.jpg
756,metal.00016.wav,metal,9,0,0,0,0,0,0,1,0,0,0,/content/Imgs/metal.00016.jpg
757,reggae.00080.wav,reggae,8,0,0,0,0,0,0,0,0,1,0,/content/Imgs/reggae.00080.jpg
758,metal.00044.wav,metal,7,0,0,0,0,0,0,1,0,0,0,/content/Imgs/metal.00044.jpg
759,country.00002.wav,country,16,0,0,1,0,0,0,0,0,0,0,/content/Imgs/country.00002.jpg
760,jazz.00025.wav,jazz,3,0,0,0,0,0,1,0,0,0,0,/content/Imgs/jazz.00025.jpg
761,blues.00078.wav,blues,2,1,0,0,0,0,0,0,0,0,0,/content/Imgs/blues.00078.jpg
762,rock.00072.wav,rock,4,0,0,0,0,0,0,0,0,0,1,/content/Imgs/rock.00072.jpg
763,blues.00094.wav,blues,18,1,0,0,0,0,0,0,0,0,0,/content/Imgs/blues.00094.jpg
764,classical.00028.wav,classical,2,0,1,0,0,0,0,0,0,0,0,/content/Imgs/classical.00028.jpg
765,jazz.00020.wav,jazz,12,0,0,0,0,0,1,0,0,0,0,/content/Imgs/jazz.00020.jpg
766,classical.00004.wav,classical,5,0,1,0,0,0,0,0,0,0,0,/content/Imgs/classical.00004.jpg
767,metal.00088.wav,metal,12,0,0,0,0,0,0,1,0,0,0,/content/Imgs/metal.00088.jpg
768,pop.00043.wav,pop,5,0,0,0,0,0,0,0,1,0,0,/content/Imgs/pop.00043.jpg
769,pop.00053.wav,pop,0,0,0,0,0,0,0,0,1,0,0,/content/Imgs/pop.00053.jpg
770,classical.00003.wav,classical,7,0,1,0,0,0,0,0,0,0,0,/content/Imgs/classical.00003.jpg
771,jazz.00001.wav,jazz,6,0,0,0,0,0,1,0,0,0,0,/content/Imgs/jazz.00001.jpg
772,classical.00039.wav,classical,8,0,1,0,0,0,0,0,0,0,0,/content/Imgs/classical.00039.jpg
773,disco.00034.wav,disco,0,0,0,0,1,0,0,0,0,0,0,/content/Imgs/disco.00034.jpg
774,country.00036.wav,country,3,0,0,1,0,0,0,0,0,0,0,/content/Imgs/country.00036.jpg
775,country.00081.wav,country,17,0,0,1,0,0,0,0,0,0,0,/content/Imgs/country.00081.jpg
776,disco.00010.wav,disco,15,0,0,0,1,0,0,0,0,0,0,/content/Imgs/disco.00010.jpg
777,reggae.00023.wav,reggae,2,0,0,0,0,0,0,0,0,1,0,/content/Imgs/reggae.00023.jpg
778,disco.00023.wav,disco,18,0,0,0,1,0,0,0,0,0,0,/content/Imgs/disco.00023.jpg
779,blues.00093.wav,blues,13,1,0,0,0,0,0,0,0,0,0,/content/Imgs/blues.00093.jpg
780,metal.00003.wav,metal,1,0,0,0,0,0,0,1,0,0,0,/content/Imgs/metal.00003.jpg
781,pop.00029.wav,pop,10,0,0,0,0,0,0,0,1,0,0,/content/Imgs/pop.00029.jpg
782,metal.00014.wav,metal,13,0,0,0,0,0,0,1,0,0,0,/content/Imgs/metal.00014.jpg
783,reggae.00009.wav,reggae,16,0,0,0,0,0,0,0,0,1,0,/content/Imgs/reggae.00009.jpg
784,jazz.00012.wav,jazz,17,0,0,0,0,0,1,0,0,0,0,/content/Imgs/jazz.00012.jpg
785,rock.00071.wav,rock,5,0,0,0,0,0,0,0,0,0,1,/content/Imgs/rock.00071.jpg
786,pop.00079.wav,pop,4,0,0,0,0,0,0,0,1,0,0,/content/Imgs/pop.00079.jpg
787,classical.00030.wav,classical,10,0,1,0,0,0,0,0,0,0,0,/content/Imgs/classical.00030.jpg
788,jazz.00058.wav,jazz,1,0,0,0,0,0,1,0,0,0,0,/content/Imgs/jazz.00058.jpg
789,pop.00003.wav,pop,0,0,0,0,0,0,0,0,1,0,0,/content/Imgs/pop.00003.jpg
790,reggae.00040.wav,reggae,16,0,0,0,0,0,0,0,0,1,0,/content/Imgs/reggae.00040.jpg
791,metal.00068.wav,metal,2,0,0,0,0,0,0,1,0,0,0,/content/Imgs/metal.00068.jpg
792,hiphop.00061.wav,hiphop,4,0,0,0,0,1,0,0,0,0,0,/content/Imgs/hiphop.00061.jpg
793,reggae.00045.wav,reggae,1,0,0,0,0,0,0,0,0,1,0,/content/Imgs/reggae.00045.jpg
794,jazz.00097.wav,jazz,18,0,0,0,0,0,1,0,0,0,0,/content/Imgs/jazz.00097.jpg
795,jazz.00047.wav,jazz,14,0,0,0,0,0,1,0,0,0,0,/content/Imgs/jazz.00047.jpg
796,hiphop.00079.wav,hiphop,7,0,0,0,0,1,0,0,0,0,0,/content/Imgs/hiphop.00079.jpg
797,disco.00006.wav,disco,5,0,0,0,1,0,0,0,0,0,0,/content/Imgs/disco.00006.jpg
798,disco.00079.wav,disco,18,0,0,0,1,0,0,0,0,0,0,/content/Imgs/disco.00079.jpg
799,classical.00093.wav,classical,3,0,1,0,0,0,0,0,0,0,0,/content/Imgs/classical.00093.jpg
800,blues.00018.wav,blues,14,1,0,0,0,0,0,0,0,0,0,/content/Imgs/blues.00018.jpg
801,reggae.00014.wav,reggae,6,0,0,0,0,0,0,0,0,1,0,/content/Imgs/reggae.00014.jpg
802,country.00053.wav,country,15,0,0,1,0,0,0,0,0,0,0,/content/Imgs/country.00053.jpg
803,jazz.00032.wav,jazz,2,0,0,0,0,0,1,0,0,0,0,/content/Imgs/jazz.00032.jpg
804,reggae.00094.wav,reggae,10,0,0,0,0,0,0,0,0,1,0,/content/Imgs/reggae.00094.jpg
805,blues.00061.wav,blues,11,1,0,0,0,0,0,0,0,0,0,/content/Imgs/blues.00061.jpg
806,hiphop.00063.wav,hiphop,15,0,0,0,0,1,0,0,0,0,0,/content/Imgs/hiphop.00063.jpg
807,hiphop.00011.wav,hiphop,4,0,0,0,0,1,0,0,0,0,0,/content/Imgs/hiphop.00011.jpg
808,rock.00049.wav,rock,8,0,0,0,0,0,0,0,0,0,1,/content/Imgs/rock.00049.jpg
809,rock.00035.wav,rock,7,0,0,0,0,0,0,0,0,0,1,/content/Imgs/rock.00035.jpg
810,metal.00009.wav,metal,4,0,0,0,0,0,0,1,0,0,0,/content/Imgs/metal.00009.jpg
811,reggae.00086.wav,reggae,1,0,0,0,0,0,0,0,0,1,0,/content/Imgs/reggae.00086.jpg
812,country.00050.wav,country,7,0,0,1,0,0,0,0,0,0,0,/content/Imgs/country.00050.jpg
813,disco.00050.wav,disco,10,0,0,0,1,0,0,0,0,0,0,/content/Imgs/disco.00050.jpg
814,metal.00056.wav,metal,4,0,0,0,0,0,0,1,0,0,0,/content/Imgs/metal.00056.jpg
815,country.00021.wav,country,18,0,0,1,0,0,0,0,0,0,0,/content/Imgs/country.00021.jpg
816,country.00064.wav,country,4,0,0,1,0,0,0,0,0,0,0,/content/Imgs/country.00064.jpg
817,jazz.00038.wav,jazz,11,0,0,0,0,0,1,0,0,0,0,/content/Imgs/jazz.00038.jpg
818,classical.00067.wav,classical,16,0,1,0,0,0,0,0,0,0,0,/content/Imgs/classical.00067.jpg
819,hiphop.00009.wav,hiphop,9,0,0,0,0,1,0,0,0,0,0,/content/Imgs/hiphop.00009.jpg
820,reggae.00079.wav,reggae,8,0,0,0,0,0,0,0,0,1,0,/content/Imgs/reggae.00079.jpg
821,rock.00091.wav,rock,15,0,0,0,0,0,0,0,0,0,1,/content/Imgs/rock.00091.jpg
822,rock.00070.wav,rock,15,0,0,0,0,0,0,0,0,0,1,/content/Imgs/rock.00070.jpg
823,pop.00059.wav,pop,4,0,0,0,0,0,0,0,1,0,0,/content/Imgs/pop.00059.jpg
824,hiphop.00032.wav,hiphop,12,0,0,0,0,1,0,0,0,0,0,/content/Imgs/hiphop.00032.jpg
825,disco.00048.wav,disco,1,0,0,0,1,0,0,0,0,0,0,/content/Imgs/disco.00048.jpg
826,country.00074.wav,country,10,0,0,1,0,0,0,0,0,0,0,/content/Imgs/country.00074.jpg
827,classical.00092.wav,classical,19,0,1,0,0,0,0,0,0,0,0,/content/Imgs/classical.00092.jpg
828,reggae.00034.wav,reggae,18,0,0,0,0,0,0,0,0,1,0,/content/Imgs/reggae.00034.jpg
829,disco.00021.wav,disco,5,0,0,0,1,0,0,0,0,0,0,/content/Imgs/disco.00021.jpg
830,disco.00066.wav,disco,4,0,0,0,1,0,0,0,0,0,0,/content/Imgs/disco.00066.jpg
831,blues.00009.wav,blues,6,1,0,0,0,0,0,0,0,0,0,/content/Imgs/blues.00009.jpg
832,hiphop.00066.wav,hiphop,17,0,0,0,0,1,0,0,0,0,0,/content/Imgs/hiphop.00066.jpg
833,pop.00075.wav,pop,18,0,0,0,0,0,0,0,1,0,0,/content/Imgs/pop.00075.jpg
834,hiphop.00030.wav,hiphop,6,0,0,0,0,1,0,0,0,0,0,/content/Imgs/hiphop.00030.jpg
835,pop.00042.wav,pop,16,0,0,0,0,0,0,0,1,0,0,/content/Imgs/pop.00042.jpg
836,jazz.00076.wav,jazz,4,0,0,0,0,0,1,0,0,0,0,/content/Imgs/jazz.00076.jpg
837,country.00090.wav,country,0,0,0,1,0,0,0,0,0,0,0,/content/Imgs/country.00090.jpg
838,hiphop.00095.wav,hiphop,9,0,0,0,0,1,0,0,0,0,0,/content/Imgs/hiphop.00095.jpg
839,country.00068.wav,country,0,0,0,1,0,0,0,0,0,0,0,/content/Imgs/country.00068.jpg
840,pop.00023.wav,pop,18,0,0,0,0,0,0,0,1,0,0,/content/Imgs/pop.00023.jpg
841,classical.00027.wav,classical,13,0,1,0,0,0,0,0,0,0,0,/content/Imgs/classical.00027.jpg
842,reggae.00059.wav,reggae,8,0,0,0,0,0,0,0,0,1,0,/content/Imgs/reggae.00059.jpg
843,blues.00011.wav,blues,13,1,0,0,0,0,0,0,0,0,0,/content/Imgs/blues.00011.jpg
844,reggae.00087.wav,reggae,19,0,0,0,0,0,0,0,0,1,0,/content/Imgs/reggae.00087.jpg
845,jazz.00069.wav,jazz,14,0,0,0,0,0,1,0,0,0,0,/content/Imgs/jazz.00069.jpg
846,hiphop.00028.wav,hiphop,9,0,0,0,0,1,0,0,0,0,0,/content/Imgs/hiphop.00028.jpg
847,pop.00090.wav,pop,4,0,0,0,0,0,0,0,1,0,0,/content/Imgs/pop.00090.jpg
848,country.00031.wav,country,14,0,0,1,0,0,0,0,0,0,0,/content/Imgs/country.00031.jpg
849,pop.00047.wav,pop,12,0,0,0,0,0,0,0,1,0,0,/content/Imgs/pop.00047.jpg
850,country.00082.wav,country,17,0,0,1,0,0,0,0,0,0,0,/content/Imgs/country.00082.jpg
851,country.00079.wav,country,1,0,0,1,0,0,0,0,0,0,0,/content/Imgs/country.00079.jpg
852,disco.00043.wav,disco,11,0,0,0,1,0,0,0,0,0,0,/content/Imgs/disco.00043.jpg
853,pop.00082.wav,pop,15,0,0,0,0,0,0,0,1,0,0,/content/Imgs/pop.00082.jpg
854,reggae.00090.wav,reggae,18,0,0,0,0,0,0,0,0,1,0,/content/Imgs/reggae.00090.jpg
855,classical.00080.wav,classical,10,0,1,0,0,0,0,0,0,0,0,/content/Imgs/classical.00080.jpg
856,hiphop.00090.wav,hiphop,11,0,0,0,0,1,0,0,0,0,0,/content/Imgs/hiphop.00090.jpg
857,country.00087.wav,country,11,0,0,1,0,0,0,0,0,0,0,/content/Imgs/country.00087.jpg
858,blues.00016.wav,blues,18,1,0,0,0,0,0,0,0,0,0,/content/Imgs/blues.00016.jpg
859,metal.00059.wav,metal,10,0,0,0,0,0,0,1,0,0,0,/content/Imgs/metal.00059.jpg
860,pop.00013.wav,pop,2,0,0,0,0,0,0,0,1,0,0,/content/Imgs/pop.00013.jpg
861,blues.00077.wav,blues,4,1,0,0,0,0,0,0,0,0,0,/content/Imgs/blues.00077.jpg
862,jazz.00051.wav,jazz,2,0,0,0,0,0,1,0,0,0,0,/content/Imgs/jazz.00051.jpg
863,reggae.00006.wav,reggae,2,0,0,0,0,0,0,0,0,1,0,/content/Imgs/reggae.00006.jpg
864,hiphop.00024.wav,hiphop,1,0,0,0,0,1,0,0,0,0,0,/content/Imgs/hiphop.00024.jpg
865,hiphop.00034.wav,hiphop,7,0,0,0,0,1,0,0,0,0,0,/content/Imgs/hiphop.00034.jpg
866,rock.00093.wav,rock,19,0,0,0,0,0,0,0,0,0,1,/content/Imgs/rock.00093.jpg
867,rock.00001.wav,rock,7,0,0,0,0,0,0,0,0,0,1,/content/Imgs/rock.00001.jpg
868,metal.00006.wav,metal,5,0,0,0,0,0,0,1,0,0,0,/content/Imgs/metal.00006.jpg
869,classical.00042.wav,classical,14,0,1,0,0,0,0,0,0,0,0,/content/Imgs/classical.00042.jpg
870,hiphop.00074.wav,hiphop,6,0,0,0,0,1,0,0,0,0,0,/content/Imgs/hiphop.00074.jpg
871,metal.00094.wav,metal,8,0,0,0,0,0,0,1,0,0,0,/content/Imgs/metal.00094.jpg
872,disco.00028.wav,disco,13,0,0,0,1,0,0,0,0,0,0,/content/Imgs/disco.00028.jpg
873,pop.00084.wav,pop,10,0,0,0,0,0,0,0,1,0,0,/content/Imgs/pop.00084.jpg
874,disco.00062.wav,disco,11,0,0,0,1,0,0,0,0,0,0,/content/Imgs/disco.00062.jpg
875,rock.00080.wav,rock,11,0,0,0,0,0,0,0,0,0,1,/content/Imgs/rock.00080.jpg
876,reggae.00091.wav,reggae,14,0,0,0,0,0,0,0,0,1,0,/content/Imgs/reggae.00091.jpg
877,hiphop.00031.wav,hiphop,11,0,0,0,0,1,0,0,0,0,0,/content/Imgs/hiphop.00031.jpg
878,rock.00069.wav,rock,5,0,0,0,0,0,0,0,0,0,1,/content/Imgs/rock.00069.jpg
879,blues.00002.wav,blues,9,1,0,0,0,0,0,0,0,0,0,/content/Imgs/blues.00002.jpg
880,jazz.00048.wav,jazz,14,0,0,0,0,0,1,0,0,0,0,/content/Imgs/jazz.00048.jpg
881,hiphop.00082.wav,hiphop,5,0,0,0,0,1,0,0,0,0,0,/content/Imgs/hiphop.00082.jpg
882,metal.00087.wav,metal,8,0,0,0,0,0,0,1,0,0,0,/content/Imgs/metal.00087.jpg
883,country.00054.wav,country,4,0,0,1,0,0,0,0,0,0,0,/content/Imgs/country.00054.jpg
884,classical.00069.wav,classical,19,0,1,0,0,0,0,0,0,0,0,/content/Imgs/classical.00069.jpg
885,country.00034.wav,country,0,0,0,1,0,0,0,0,0,0,0,/content/Imgs/country.00034.jpg
886,reggae.00097.wav,reggae,1,0,0,0,0,0,0,0,0,1,0,/content/Imgs/reggae.00097.jpg
887,disco.00019.wav,disco,7,0,0,0,1,0,0,0,0,0,0,/content/Imgs/disco.00019.jpg
888,classical.00073.wav,classical,16,0,1,0,0,0,0,0,0,0,0,/content/Imgs/classical.00073.jpg
889,rock.00012.wav,rock,4,0,0,0,0,0,0,0,0,0,1,/content/Imgs/rock.00012.jpg
890,rock.00056.wav,rock,0,0,0,0,0,0,0,0,0,0,1,/content/Imgs/rock.00056.jpg
891,classical.00059.wav,classical,6,0,1,0,0,0,0,0,0,0,0,/content/Imgs/classical.00059.jpg
892,disco.00098.wav,disco,6,0,0,0,1,0,0,0,0,0,0,/content/Imgs/disco.00098.jpg
893,jazz.00050.wav,jazz,3,0,0,0,0,0,1,0,0,0,0,/content/Imgs/jazz.00050.jpg
894,reggae.00098.wav,reggae,0,0,0,0,0,0,0,0,0,1,0,/content/Imgs/reggae.00098.jpg
895,disco.00086.wav,disco,15,0,0,0,1,0,0,0,0,0,0,/content/Imgs/disco.00086.jpg
896,hiphop.00076.wav,hiphop,12,0,0,0,0,1,0,0,0,0,0,/content/Imgs/hiphop.00076.jpg
897,rock.00073.wav,rock,16,0,0,0,0,0,0,0,0,0,1,/content/Imgs/rock.00073.jpg
898,hiphop.00059.wav,hiphop,12,0,0,0,0,1,0,0,0,0,0,/content/Imgs/hiphop.00059.jpg
